"active_from","active_to","birth_date","college","height","name","position","url","weight","NBA__3ptapg","NBA__3ptpct","NBA__3ptpg","NBA_efgpct","NBA_fg.","NBA_fg_per_game","NBA_fga_per_game","NBA_ft.","NBA_ft_per_g","NBA_fta_p_g","NBA_g_played","NBA_ppg","NCAA__3ptapg","NCAA__3ptpct","NCAA__3ptpg","NCAA_efgpct","NCAA_fgapg","NCAA_fgpct","NCAA_fgpg","NCAA_ft","NCAA_ftapg","NCAA_ftpg","NCAA_games","NCAA_ppg","height.inches"
2006,2009,"January 21, 1983","Pepperdine University","6-5","Alex Acker","G","/players/a/ackeral01.html",185,0.8,0.32,0.3,0.413,0.37,1.1,3.1,0.5,0.2,0.3,30,2.7,3.3,0.411,1.4,NA,11.2,0.457,5.1,0.823,3.5,2.9,88,14.5,77
2007,2009,"June 20, 1984","University of Arizona","6-4","Hassan Adams","G","/players/a/adamsha01.html",220,0,0,0,0.534,0.534,1.1,2,0.643,0.4,0.6,73,2.5,1.9,0.311,0.6,NA,11.6,0.499,5.8,0.704,2.7,1.9,130,14,76
2008,2018,"October 15, 1985","University of California, Los Angeles","6-5","Arron Afflalo","G","/players/a/afflaar01.html",210,2.9,0.386,1.1,0.514,0.449,3.9,8.7,0.825,1.8,2.2,761,10.8,5.4,0.373,2,NA,10.9,0.457,5,0.781,3.6,2.8,104,14.8,77
2007,2011,"February 9, 1984","Michigan State University","6-5","Maurice Ager","G","/players/a/agerma01.html",202,0.5,0.25,0.1,0.368,0.339,0.8,2.3,0.566,0.4,0.6,82,2.1,4.3,0.38,1.6,NA,9.6,0.441,4.2,0.775,3.2,2.5,124,12.5,77
2008,2012,"May 27, 1984","Missouri State University","6-2","Blake Ahearn","G","/players/a/ahearbl01.html",190,2.5,0.298,0.7,0.364,0.273,1.1,4.1,0.97,1.7,1.7,19,4.6,5.2,0.408,2.1,NA,8.9,0.423,3.7,0.946,3.6,3.4,129,13,74
2009,2010,"December 26, 1986","West Virginia University","6-8","Joe Alexander","F","/players/a/alexajo01.html",230,0.7,0.34,0.2,0.442,0.41,1.5,3.7,0.698,0.9,1.3,67,4.2,2.1,0.295,0.6,NA,10,0.447,4.5,0.765,3.3,2.5,82,12.1,80
2005,2018,"January 11, 1982","Butler County Community College, Oklahoma State University","6-4","Tony Allen","G-F","/players/a/allento01.html",213,0.5,0.282,0.2,0.487,0.475,3.2,6.6,0.709,1.7,2.3,820,8.1,2.2,0.347,0.8,NA,11.5,0.477,5.5,0.682,5.2,3.5,67,15.3,76
2008,2008,"February 2, 1981","University of Utah, Weber State University","6-11","Lance Allred","C","/players/a/allrela01.html",250,0,NA,0,0.25,0.25,0.3,1.3,0.5,0.3,0.7,3,1,0.1,0.429,0.1,NA,7.1,0.481,3.4,0.718,3.9,2.8,95,9.7,83
2008,2012,"February 2, 1985","Rice University","6-6","Morris Almond","G","/players/a/almonmo01.html",225,0.6,0.292,0.2,0.412,0.381,1.1,3,0.743,0.7,0.9,38,3.1,2.9,0.435,1.3,NA,10.5,0.492,5.2,0.824,4.2,3.5,121,15.1,78
2007,2016,"December 7, 1982","University of Nevada, Las Vegas","6-9","Lou Amundson","F","/players/a/amundlo01.html",220,0,0,0,0.474,0.474,1.5,3.2,0.444,0.6,1.4,428,3.7,0,0,0,NA,5.4,0.535,2.9,0.503,3,1.5,120,7.2,81
2006,2017,"October 16, 1982","Michigan State University","6-6","Alan Anderson","G-F","/players/a/anderal01.html",220,2.9,0.344,1,0.484,0.405,2.6,6.3,0.816,1.2,1.5,330,7.3,1,0.366,0.4,NA,6.1,0.503,3,0.831,3.6,3,126,9.5,78
2010,2010,"June 5, 1985","University of Memphis","6-6","Antonio Anderson","G","/players/a/anderan02.html",215,0,NA,0,0.333,0.333,1,3,NA,0,0,1,2,3,0.308,0.9,NA,6.9,0.418,2.9,0.648,2.8,1.8,150,8.5,78
2009,2018,"May 6, 1988","University of California","6-10","Ryan Anderson","F","/players/a/anderry01.html",240,5.5,0.382,2.1,0.525,0.423,4.4,10.4,0.855,1.9,2.2,622,12.8,4.7,0.396,1.8,NA,13.1,0.484,6.3,0.841,5,4.2,66,18.7,82
2005,2007,"August 12, 1980","Brigham Young University","6-11","Rafael Araujo","C","/players/a/araujra01.html",280,0,0.25,0,0.406,0.405,1.1,2.8,0.679,0.5,0.8,139,2.8,0.7,0.268,0.2,NA,10.4,0.567,5.9,0.691,4.5,3.1,62,15.1,83
2005,2018,"June 30, 1985","University of California, Los Angeles","6-8","Trevor Ariza","F","/players/a/arizatr01.html",215,3.9,0.354,1.4,0.503,0.425,3.8,8.9,0.723,1.6,2.2,941,10.5,3,0.237,0.7,NA,10,0.426,4.3,0.504,4.5,2.3,25,11.6,80
2007,2014,"November 11, 1984","University of Connecticut","6-11","Hilton Armstrong","C-F","/players/a/armsthi01.html",235,0,0.286,0,0.502,0.501,1.2,2.4,0.582,0.6,1.1,292,3,0,0.333,0,NA,3.1,0.563,1.7,0.578,2.1,1.2,131,4.7,83
2009,2018,"March 25, 1988","University of Kansas","6-9","Darrell Arthur","F","/players/a/arthuda01.html",235,0.9,0.352,0.3,0.47,0.444,2.7,6.2,0.765,0.7,0.9,503,6.5,0.2,0.118,0,NA,8.7,0.541,4.7,0.676,2.7,1.8,78,11.3,81
2009,2018,"November 10, 1987","University of Texas at Austin","6-0","D.J. Augustin","G","/players/a/augusdj01.html",183,3.3,0.376,1.3,0.488,0.406,3.1,7.7,0.863,2.1,2.5,724,9.6,4.1,0.402,1.6,NA,12.2,0.443,5.4,0.808,5.5,4.4,73,16.9,72
2007,2008,"February 27, 1984","University of Illinois at Urbana-Champaign","6-10","James Augustine","F","/players/a/augusja01.html",235,0,NA,0,0.514,0.514,0.7,1.4,0.5,0.1,0.3,27,1.6,0.1,0.333,0,NA,6.3,0.617,3.9,0.687,3.3,2.3,137,10.1,82
2010,2016,"April 29, 1987","Arizona State University","6-9","Jeff Ayres","F","/players/p/pendeje02.html",240,0,0.4,0,0.555,0.553,1.2,2.2,0.776,0.5,0.6,237,2.9,0.1,0,0,NA,8.4,0.58,4.8,0.764,3.8,2.9,126,12.6,81
2007,2012,"December 16, 1983","University of Kentucky","6-5","Kelenna Azubuike","G","/players/a/azubuke01.html",220,2.5,0.409,1,0.519,0.459,3.9,8.4,0.77,1.8,2.3,208,10.5,2.6,0.373,1,NA,7.5,0.485,3.6,0.752,2.3,1.7,97,10,77
2005,2005,"July 28, 1979","Oklahoma State University","6-1","Maurice Baker","G","/players/b/bakerma01.html",175,0,NA,0,0,0,0,0.2,NA,0,0,5,0,4.6,0.391,1.8,NA,11.7,0.481,5.6,0.819,4,3.3,59,16.4,73
2007,2012,"July 14, 1984","University of South Carolina","6-8","Renaldo Balkman","F","/players/b/balkmre01.html",208,0.3,0.172,0,0.518,0.51,1.7,3.3,0.542,0.7,1.2,221,4,0.5,0.291,0.2,NA,5.5,0.553,3,0.533,2.2,1.2,104,7.4,80
2007,2018,"June 26, 1984","Northeastern University","6-0","J.J. Barea","G","/players/b/bareajo01.html",185,2.8,0.354,1,0.486,0.424,3.4,8,0.798,1.1,1.4,764,8.9,7,0.321,2.3,NA,17.1,0.404,6.9,0.764,5.5,4.2,113,20.3,72
2005,2008,"February 21, 1982","Seton Hall University","5-10","Andre Barrett","G","/players/b/barrean01.html",172,1,0.246,0.3,0.405,0.369,1.3,3.6,0.727,0.4,0.5,67,3.3,5.7,0.351,2,NA,12.4,0.415,5.1,0.773,3.9,3,122,15.3,70
2006,2015,"August 14, 1981","University of Memphis","7-0","Earl Barron","C","/players/b/barroea01.html",250,0.1,0.167,0,0.373,0.371,1.8,4.9,0.702,0.9,1.3,140,4.6,0.2,0.174,0,NA,5.9,0.479,2.8,0.685,3.2,2.2,128,7.8,84
2006,2006,"February 15, 1983","University of North Carolina at Charlotte","6-5","Eddie Basden","G","/players/b/basdeed01.html",215,0.4,0.143,0.1,0.419,0.405,0.8,1.9,0.8,0.4,0.5,19,2.1,1,0.353,0.4,NA,6.3,0.491,3.1,0.687,3.6,2.5,118,9,77
2006,2017,"April 30, 1985","Louisiana State University","6-8","Brandon Bass","F","/players/b/bassbr01.html",250,0.1,0.207,0,0.5,0.499,3.4,6.8,0.832,1.9,2.3,758,8.7,0.8,0.378,0.3,NA,9.5,0.54,5.1,0.78,5.8,4.6,59,15.1,80
2009,2018,"August 20, 1988","University of Arizona","6-3","Jerryd Bayless","G","/players/b/bayleje01.html",200,2.3,0.366,0.9,0.474,0.414,3,7.2,0.824,1.7,2.1,552,8.5,4.8,0.407,2,NA,12.6,0.458,5.8,0.839,7.4,6.2,30,19.7,75
2009,2018,"January 9, 1989","Kansas State University","6-9","Michael Beasley","F","/players/b/beaslmi01.html",235,1.4,0.353,0.5,0.486,0.464,5.2,11.1,0.761,1.8,2.4,581,12.7,2.9,0.379,1.1,NA,17.5,0.532,9.3,0.774,8.5,6.5,33,26.2,81
2007,2007,"September 8, 1983","Iowa State University","6-0","Will Blalock","G","/players/b/blalowi01.html",205,0.4,0.2,0.1,0.317,0.3,0.6,2.1,1,0.4,0.4,14,1.8,2.9,0.365,1.1,NA,10,0.421,4.2,0.719,2.9,2.1,93,11.6,72
2005,2005,"October 22, 1979","University of Cincinnati","6-4","Tony Bobbitt","G","/players/b/bobbito01.html",190,1,0.5,0.5,0.5,0.4,1,2.5,NA,0,0,2,2.5,5.7,0.375,2.2,NA,8.8,0.423,3.7,0.839,1.6,1.3,59,10.9,76
2006,2018,"November 28, 1984","University of Utah","7-0","Andrew Bogut","C","/players/b/bogutan01.html",260,0,0.12,0,0.535,0.535,4.3,8,0.556,1.2,2.1,694,9.8,0.5,0.361,0.2,NA,10.9,0.603,6.6,0.674,4.7,3.2,68,16.6,84
2005,2016,"April 5, 1980","University of Florida","6-10","Matt Bonner","F","/players/b/bonnema01.html",235,2.4,0.414,1,0.57,0.464,2.2,4.8,0.78,0.4,0.5,792,5.8,3.2,0.395,1.3,NA,8.8,0.503,4.4,0.74,2.5,1.9,131,12,82
2007,2007,"March 7, 1983","University of California, Los Angeles","6-6","Cedric Bozeman","G","/players/b/bozemce01.html",207,0.6,0.154,0.1,0.308,0.282,0.5,1.7,0.333,0.1,0.3,23,1.1,1.3,0.321,0.4,NA,5.9,0.435,2.6,0.584,1.8,1,106,6.6,78
2008,2018,"March 5, 1986","University of Florida","6-9","Corey Brewer","G-F","/players/b/breweco01.html",186,2.2,0.283,0.6,0.464,0.425,3.4,7.9,0.713,1.5,2.1,781,8.9,2.6,0.356,0.9,NA,8.2,0.48,4,0.708,3.6,2.5,108,11.3,81
2007,2014,"March 20, 1985","University of Arkansas","6-7","Ronnie Brewer","G-F","/players/b/brewero02.html",220,0.7,0.254,0.2,0.505,0.49,3.1,6.3,0.675,1.5,2.2,502,7.8,3.4,0.34,1.2,NA,11.9,0.462,5.5,0.671,5.4,3.6,90,15.7,79
2010,2012,"March 20, 1987","University of Washington","6-7","Jon Brockman","F","/players/b/brockjo01.html",255,0,0,0,0.488,0.488,0.8,1.6,0.618,0.6,0.9,150,2.1,0,0,0,NA,10.3,0.534,5.5,0.612,4.6,2.8,131,13.8,79
2008,2018,"January 14, 1985","University of Oregon","6-0","Aaron Brooks","G","/players/b/brookaa01.html",161,3.4,0.37,1.3,0.488,0.413,3.5,8.5,0.837,1.4,1.7,644,9.7,4.8,0.374,1.8,NA,10.1,0.43,4.3,0.834,3.2,2.7,115,13.1,72
2007,2009,"May 12, 1981","DePaul University","6-9","Andre Brown","F","/players/b/brownan01.html",245,0,0,0,0.516,0.516,1.1,2.1,0.5,0.4,0.9,75,2.6,0,0,0,NA,8.3,0.502,4.2,0.523,4.5,2.3,107,10.7,81
2009,2018,"September 24, 1984","California State University, Fullerton","6-2","Bobby Brown","G","/players/b/brownbo02.html",175,1.9,0.317,0.6,0.446,0.379,1.7,4.5,0.806,0.3,0.4,158,4.4,7,0.377,2.6,NA,13.9,0.428,6,0.789,2.9,2.3,116,16.9,74
2007,2009,"August 17, 1984","University of Illinois at Urbana-Champaign","6-0","Dee Brown","G","/players/b/brownde03.html",185,0.8,0.25,0.2,0.384,0.34,0.7,2.2,0.643,0.4,0.6,68,2.1,6.1,0.36,2.2,NA,11,0.422,4.7,0.725,2.4,1.7,137,13.2,72
2010,2012,"September 8, 1987","Xavier University","6-7","Derrick Brown","F","/players/b/brownde04.html",225,0.2,0.317,0.1,0.525,0.515,2.1,4,0.637,1,1.6,171,5.2,1.2,0.415,0.5,NA,6.5,0.573,3.7,0.718,3.3,2.4,106,10.3,79
2007,2015,"November 29, 1985","Michigan State University","6-4","Shannon Brown","G","/players/b/brownsh01.html",205,2,0.332,0.7,0.468,0.42,2.9,7,0.807,1.1,1.4,408,7.6,3.1,0.364,1.1,NA,9.4,0.457,4.3,0.831,3,2.5,97,12.2,76
2010,2016,"May 22, 1988","University of Arizona","6-7","Chase Budinger","F","/players/b/budinch01.html",209,2.9,0.352,1,0.504,0.43,2.9,6.8,0.797,1,1.3,407,7.9,5,0.383,1.9,NA,12.8,0.469,6,0.782,4,3.1,100,17,79
2005,2006,"February 25, 1980","University of Memphis","6-1","Antonio Burks","G","/players/b/burksan01.html",200,0.2,0.235,0,0.397,0.387,1,2.5,0.571,0.3,0.5,81,2.3,1.7,0.401,0.7,NA,9.2,0.469,4.3,0.673,3,2,91,11.3,73
2006,2006,"April 9, 1979","University of Minnesota","6-3","Kevin Burleson","G","/players/b/burleke01.html",205,1.4,0.185,0.3,0.307,0.25,0.6,2.3,0.941,0.4,0.4,39,1.8,3.6,0.331,1.2,NA,6,0.371,2.2,0.751,1.9,1.4,123,7,75
2006,2015,"January 4, 1983","University of Arizona, Georgia Institute of Technology","6-0","Will Bynum","G","/players/b/bynumwi01.html",185,0.9,0.272,0.2,0.458,0.442,3.1,7,0.799,1.7,2.1,360,8.1,3.9,0.31,1.2,NA,8.1,0.385,3.1,0.739,2.7,2,101,9.4,72
2005,2005,"August 13, 1976","Northwestern University, University of California","6-3","Geno Carlisle","G","/players/c/carlige01.html",180,0,NA,0,0.667,0.667,0.3,0.5,0.667,0.7,1,6,1.3,5.2,0.346,1.8,NA,13.4,0.396,5.3,0.766,5,3.8,108,16.3,75
2007,2011,"April 15, 1984","University of Memphis","6-7","Rodney Carney","F","/players/c/carnero01.html",205,2,0.338,0.7,0.485,0.422,2.3,5.3,0.704,0.8,1.1,299,5.9,6,0.362,2.2,NA,11.9,0.415,5,0.717,3.1,2.2,133,14.3,79
2010,2018,"July 27, 1986","Vanderbilt University, University of Missouri","6-8","DeMarre Carroll","F","/players/c/carrode01.html",215,3.1,0.364,1.1,0.512,0.436,3.2,7.3,0.738,1.4,1.9,487,8.9,0.7,0.281,0.2,NA,8.4,0.535,4.5,0.603,3.5,2.1,134,11.2,80
2005,2005,"November 10, 1980","Xavier University","6-0","Lionel Chalmers","G","/players/c/chalmli01.html",180,1.4,0.245,0.3,0.384,0.336,1.2,3.5,0.625,0.4,0.7,36,3.1,5.1,0.372,1.9,NA,9.8,0.425,4.2,0.716,3.4,2.4,123,12.7,72
2009,2018,"May 19, 1986","University of Kansas","6-2","Mario Chalmers","G","/players/c/chalmma01.html",190,3.3,0.351,1.2,0.498,0.417,3,7.2,0.792,1.7,2.2,644,8.9,3.9,0.419,1.6,NA,8.3,0.486,4,0.767,3.2,2.5,110,12.2,74
2008,2018,"May 10, 1987","DePaul University","6-8","Wilson Chandler","F","/players/c/chandwi01.html",225,3.9,0.341,1.3,0.501,0.445,5.2,11.8,0.769,1.7,2.2,588,13.5,2.6,0.303,0.8,NA,11.4,0.445,5.1,0.659,3,2,59,12.9,80
2005,2014,"June 20, 1983","Stanford University","6-8","Josh Childress","G-F","/players/c/childjo01.html",210,0.8,0.329,0.3,0.542,0.522,3.4,6.6,0.779,2,2.5,391,9.1,3.6,0.335,1.2,NA,10.2,0.438,4.5,0.755,2.8,2.2,86,12.3,80
2010,2015,"January 17, 1988","University of Louisville","6-10","Earl Clark","F","/players/c/clarkea01.html",225,1,0.328,0.3,0.439,0.403,1.7,4.3,0.664,0.6,0.9,261,4.4,1.8,0.298,0.5,NA,8.6,0.467,4,0.64,3.2,2,104,10.6,82
2007,2010,"August 4, 1984","Temple University","6-6","Mardy Collins","G","/players/c/collima01.html",220,0.7,0.299,0.2,0.405,0.38,1.6,4.1,0.599,0.6,1,189,3.9,5,0.292,1.5,NA,14.4,0.399,5.7,0.624,3.9,2.4,125,15.4,78
2010,2018,"August 23, 1987","University of California, Los Angeles","6-0","Darren Collison","G","/players/c/collida01.html",175,2.2,0.392,0.9,0.516,0.472,4.7,9.9,0.855,2.4,2.8,631,12.7,2.7,0.435,1.2,NA,8.3,0.475,4,0.851,2.9,2.5,142,11.5,72
2005,2018,"October 26, 1980","University of Kansas","6-10","Nick Collison","F","/players/c/collini01.html",255,0.1,0.208,0,0.536,0.534,2.4,4.6,0.725,1,1.4,908,5.9,0.5,0.359,0.2,NA,10.7,0.562,6,0.624,4,2.5,142,14.8,82
2008,2018,"October 11, 1987","Ohio State University","6-1","Mike Conley","G","/players/c/conlemi01.html",175,3.4,0.377,1.3,0.497,0.441,5.1,11.6,0.814,2.7,3.3,718,14.3,1.8,0.304,0.5,NA,7.9,0.518,4.1,0.694,3.7,2.6,39,11.3,73
2007,2013,"December 8, 1982","University of Washington","6-2","Will Conroy","G","/players/c/conrowi01.html",195,0.4,0,0,0.136,0.136,0.2,1.4,0.125,0.1,0.5,16,0.4,2.6,0.331,0.9,NA,6.8,0.445,3,0.73,3.2,2.3,121,9.2,74
2008,2013,"April 28, 1987","Ohio State University","6-5","Daequan Cook","G","/players/c/cookda02.html",205,3.8,0.359,1.3,0.476,0.369,2.3,6.3,0.813,0.5,0.6,328,6.4,3.3,0.415,1.4,NA,8.1,0.445,3.6,0.697,1.7,1.2,39,9.8,77
2009,2009,"June 17, 1986","University of Kentucky","6-5","Joe Crawford","F","/players/c/crawfjo01.html",210,2,0.25,0.5,0.35,0.3,1.5,5,1,1,1,2,4.5,4.2,0.35,1.5,NA,9.2,0.438,4,0.702,2.6,1.8,127,11.3,77
2008,2009,"December 31, 1987","Georgia Institute of Technology","6-5","Javaris Crittenton","G","/players/c/crittja01.html",200,0.5,0.231,0.1,0.454,0.442,2,4.6,0.638,1.1,1.7,113,5.3,3.2,0.356,1.1,NA,11,0.45,4.9,0.783,4.3,3.4,32,14.4,77
2010,2018,"April 22, 1987","Villanova University","6-8","Dante Cunningham","F","/players/c/cunnida01.html",230,0.9,0.332,0.3,0.495,0.469,2.6,5.6,0.645,0.6,0.9,649,6,0,0.333,0,NA,7.1,0.524,3.7,0.693,3.2,2.2,139,9.6,80
2010,2010,"January 7, 1986","Oklahoma State University","6-3","JamesOn Curry","G","/players/c/curryja01.html",190,0,NA,0,NA,NA,0,0,NA,0,0,1,0,4.8,0.404,2,NA,10.7,0.437,4.7,0.758,2.9,2.2,101,13.5,75
2010,2018,"March 14, 1988","Davidson College","6-3","Stephen Curry","G","/players/c/curryst01.html",190,7.8,0.436,3.4,0.579,0.477,8,16.8,0.903,3.6,4,625,23.1,9.7,0.412,4,NA,17.9,0.467,8.4,0.876,5.3,4.6,104,25.3,75
2005,2005,"April 1, 1982","University of Kentucky","6-8","Erik Daniels","F","/players/d/danieer01.html",214,0.1,0.5,0,0.361,0.333,0.3,0.9,NA,0,0,21,0.6,0.6,0.26,0.1,NA,6.3,0.559,3.5,0.611,1.8,1.1,127,8.3,80
2008,2009,"November 15, 1984","University of Alabama","6-10","Jermareo Davidson","F","/players/d/davidje01.html",230,0,NA,0,0.425,0.425,1.3,3.1,0.578,0.5,0.9,52,3.1,0.2,0.211,0,NA,8.1,0.467,3.8,0.717,3.5,2.5,126,10.1,82
2008,2015,"January 1, 1986","Louisiana State University","6-9","Glen Davis","C-F","/players/d/davisgl01.html",289,0.1,0.182,0,0.448,0.447,3.1,7,0.7,1.7,2.4,514,8,0.9,0.31,0.3,NA,12,0.496,6,0.694,6.5,4.5,95,16.7,81
2007,2010,"July 21, 1984","Michigan State University","6-11","Paul Davis","C","/players/d/davispa01.html",270,0,0,0,0.402,0.402,1.1,2.7,0.732,0.5,0.7,82,2.6,0.4,0.271,0.1,NA,8.8,0.538,4.7,0.763,4.8,3.7,130,13.2,83
2010,2015,"June 5, 1988","Gonzaga University","6-11","Austin Daye","F","/players/d/dayeau01.html",220,1.8,0.351,0.6,0.469,0.402,1.9,4.8,0.778,0.7,0.9,293,5.2,2.2,0.422,0.9,NA,8.6,0.477,4.1,0.79,3.1,2.5,67,11.6,83
2005,2018,"April 16, 1985","Duke University","6-9","Luol Deng","F","/players/d/denglu01.html",220,2.2,0.332,0.7,0.484,0.455,5.8,12.7,0.77,2.7,3.6,880,15,3,0.36,1.1,NA,11.9,0.476,5.7,0.71,3.7,2.6,37,15.1,81
2010,2018,"August 7, 1989","University of Southern California","6-7","DeMar DeRozan","G-F","/players/d/derozde01.html",221,1.7,0.289,0.5,0.463,0.448,7,15.6,0.827,5.2,6.3,673,19.7,1,0.167,0.2,NA,10.5,0.523,5.5,0.646,4.2,2.7,35,13.9,79
2007,2010,"August 29, 1982","Pepperdine University","6-7","Yakhouba Diawara","G-F","/players/d/diawaya01.html",225,2.2,0.301,0.7,0.45,0.357,1.2,3.5,0.65,0.4,0.6,187,3.5,2.2,0.343,0.8,NA,11.9,0.456,5.4,0.65,5.9,3.8,45,15.5,79
2008,2008,"March 4, 1985","University of Miami","6-2","Guillermo Diaz","G","/players/d/diazgu01.html",192,0.2,0,0,0.25,0.25,0.2,0.7,0.6,0.5,0.8,6,0.8,4.9,0.38,1.9,NA,12.4,0.448,5.5,0.74,3.9,2.9,93,15.9,74
2006,2010,"March 1, 1982","Marquette University","6-1","Travis Diener","G","/players/d/dienetr01.html",175,2.6,0.353,0.9,0.495,0.388,1.7,4.3,0.847,0.5,0.6,179,4.8,5.7,0.413,2.4,NA,10.2,0.416,4.3,0.837,3.8,3.2,120,14.1,73
2006,2012,"September 11, 1983","Arizona State University","6-8","Ike Diogu","F","/players/d/dioguik01.html",250,0,0.5,0,0.51,0.509,2.2,4.3,0.786,1.6,2.1,225,6,1.2,0.387,0.5,NA,11.9,0.571,6.8,0.786,9.4,7.4,91,21.4,80
2007,2009,"May 16, 1984","Rutgers University","6-3","Quincy Douby","G","/players/d/doubyqu01.html",175,1.5,0.312,0.5,0.448,0.389,1.6,4,0.884,0.5,0.6,143,4.1,6.8,0.389,2.6,NA,14.1,0.432,6.1,0.82,3.6,2.9,95,17.8,75
2010,2017,"March 16, 1986","Auburn University, Florida State University","6-2","Toney Douglas","G","/players/d/douglto01.html",195,3.2,0.354,1.1,0.486,0.404,2.8,6.9,0.824,1,1.2,394,7.6,4.9,0.376,1.8,NA,12.9,0.442,5.7,0.802,4.4,3.6,130,16.8,74
2009,2015,"January 8, 1987","University of Memphis","6-7","Chris Douglas-Roberts","G","/players/d/douglch01.html",200,1.1,0.329,0.4,0.471,0.439,2.6,5.9,0.831,1.5,1.8,222,7.1,1.8,0.372,0.7,NA,9.4,0.54,5.1,0.725,4.6,3.3,109,14.2,79
2008,2018,"July 10, 1985","Boston College","6-7","Jared Dudley","G-F","/players/d/dudleja01.html",225,2.6,0.396,1,0.549,0.467,2.9,6.2,0.733,1.1,1.6,787,8,2.5,0.365,0.9,NA,10.5,0.504,5.3,0.731,6,4.4,130,15.9,79
2005,2013,"August 31, 1982","Duke University","6-1","Chris Duhon","G","/players/d/duhonch01.html",185,3,0.363,1.1,0.488,0.393,2.2,5.7,0.784,1,1.2,606,6.5,3.5,0.321,1.1,NA,7.2,0.418,3,0.693,2.4,1.7,144,8.8,73
2008,2018,"September 29, 1988","University of Texas at Austin","6-9","Kevin Durant","G-F","/players/d/duranke01.html",240,4.8,0.384,1.9,0.54,0.49,9.2,18.8,0.882,6.9,7.8,770,27.1,5.8,0.404,2.3,NA,18.5,0.473,8.7,0.816,7.3,6,35,25.8,81
2005,2005,"March 5, 1979","Central Connecticut State University","6-9","Corsley Edwards","F","/players/e/edwarco01.html",275,0,NA,0,0.323,0.323,1,3.1,0.583,0.7,1.2,10,2.7,0,0,0,NA,10.4,0.509,5.3,0.688,5,3.5,123,14.1,81
2010,2018,"October 29, 1987","University of North Carolina","6-4","Wayne Ellington","G","/players/e/ellinwa01.html",200,3.7,0.38,1.4,0.507,0.41,2.9,7.1,0.851,0.7,0.8,590,8,5,0.397,2,NA,11.6,0.463,5.4,0.809,2.5,2,115,14.7,76
2005,2012,"August 27, 1982","Texas Tech University","6-5","Andre Emmett","F","/players/e/emmetan01.html",230,0.1,0,0,0.462,0.462,0.4,0.9,0.615,0.6,0.9,14,1.4,1.4,0.312,0.4,NA,13.8,0.5,6.9,0.703,4.9,3.4,128,17.6,77
2010,2018,"September 19, 1989","University of Memphis","6-6","Tyreke Evans","G-F","/players/e/evansty01.html",220,2.5,0.318,0.8,0.473,0.445,6.2,13.9,0.759,3.3,4.3,525,16.5,3.4,0.274,0.9,NA,13.6,0.455,6.2,0.711,5.2,3.7,37,17.1,78
2006,2007,"March 26, 1983","Duke University","6-3","Daniel Ewing","G","/players/e/ewingda01.html",185,1,0.295,0.3,0.433,0.389,1.3,3.3,0.78,0.6,0.7,127,3.4,4,0.392,1.6,NA,9,0.432,3.9,0.746,2.9,2.2,138,11.6,75
2007,2017,"November 30, 1986","University of California, Los Angeles","6-2","Jordan Farmar","G","/players/f/farmajo01.html",180,3.1,0.374,1.2,0.507,0.423,2.9,6.8,0.739,0.8,1,504,7.7,4.4,0.333,1.5,NA,10.8,0.41,4.4,0.76,4,3,66,13.3,74
2007,2009,"October 7, 1981","University of Southern California","6-5","Desmon Farmer","G","/players/f/farmede01.html",220,1.8,0.25,0.5,0.397,0.31,0.8,2.6,1,0.3,0.3,11,2.4,5,0.338,1.7,NA,10.6,0.41,4.3,0.746,3.9,2.9,121,13.3,77
2008,2008,"June 17, 1985","University of Nevada, Reno","6-11","Nick Fazekas","F","/players/f/fazekni01.html",235,0.1,0,0,0.561,0.561,1.8,3.2,0.682,0.6,0.8,26,4.1,2.6,0.341,0.9,NA,12.9,0.532,6.9,0.815,5.1,4.2,131,18.8,83
2006,2006,"October 4, 1981","California State University, Fresno","6-9","Noel Felix","F","/players/f/felixno01.html",225,0.3,0.333,0.1,0.26,0.24,0.5,2.1,0.625,0.4,0.7,12,1.5,0.3,0.212,0.1,NA,4.5,0.501,2.3,0.583,1.4,0.8,128,5.4,81
2006,2018,"June 26, 1984","University of North Carolina","6-1","Raymond Felton","G","/players/f/feltora01.html",205,2.9,0.328,1,0.458,0.412,4.3,10.5,0.789,1.8,2.3,936,11.4,4.6,0.375,1.7,NA,9.7,0.423,4.1,0.731,3.5,2.6,101,12.5,73
2006,2006,"August 12, 1982","University of Kentucky","6-3","Gerald Fitch","G","/players/f/fitchge01.html",188,1.4,0.269,0.4,0.376,0.337,1.7,4.9,0.739,0.9,1.3,18,4.7,4,0.396,1.6,NA,8,0.452,3.6,0.736,2.9,2.1,127,11,75
2005,2005,"April 11, 1981","Rutgers University, Manhattan College","6-2","Luis Flores","G","/players/f/florelu01.html",200,0.6,0.5,0.3,0.569,0.483,0.9,1.8,1,0.1,0.1,16,2.2,3.7,0.379,1.4,NA,12.7,0.451,5.7,0.87,6.1,5.3,119,18.2,74
2010,2012,"February 6, 1989","Syracuse University","6-0","Jonny Flynn","G","/players/f/flynnjo01.html",185,2.1,0.338,0.7,0.442,0.4,3.4,8.5,0.809,1.7,2.2,163,9.2,4.2,0.333,1.4,NA,12.2,0.46,5.6,0.782,5.1,4,73,16.6,72
2006,2006,"January 9, 1982","Clemson University","6-9","Sharrod Ford","F","/players/f/fordsh02.html",225,0,NA,0,0.667,0.667,0.7,1,NA,0,0,3,1.3,0,0,0,NA,7.1,0.54,3.8,0.57,3.8,2.2,118,9.8,81
2007,2017,"September 24, 1983","Villanova University","6-4","Randy Foye","G","/players/f/foyera01.html",213,4,0.366,1.5,0.482,0.401,3.6,9,0.852,1.6,1.9,752,10.3,4.9,0.329,1.6,NA,13.1,0.399,5.2,0.781,3.8,3,131,15,76
2005,2007,"October 2, 1981","Vanderbilt University","6-10","Matt Freije","F","/players/f/freijma01.html",240,1.8,0.224,0.4,0.34,0.293,1.3,4.3,0.714,0.2,0.3,42,3.2,4.3,0.355,1.5,NA,11.7,0.448,5.2,0.786,4.7,3.7,121,15.6,82
2006,2018,"May 17, 1983","University of Arizona","6-11","Channing Frye","C-F","/players/f/fryech01.html",255,3.1,0.388,1.2,0.52,0.442,3.4,7.7,0.823,1,1.2,853,9,0.2,0.261,0,NA,9.5,0.562,5.3,0.759,3.7,2.8,133,13.5,83
2006,2006,"March 22, 1982","Fairfield University","6-9","Deng Gai","F","/players/g/gaide01.html",250,0,NA,0,NA,NA,0,0,NA,0,0,2,0,2.2,0.335,0.7,NA,9.8,0.473,4.6,0.736,3.7,2.7,100,12.7,81
2010,2012,"April 18, 1986","University of Georgia","6-1","Sundiata Gaines","G","/players/g/gainesu01.html",185,1.3,0.301,0.4,0.445,0.397,1.6,4.1,0.562,0.9,1.6,113,4.5,3.3,0.303,1,NA,10,0.411,4.1,0.591,4.6,2.7,123,11.9,73
2006,2015,"December 31, 1981","University of Louisville","6-7","Francisco Garcia","G-F","/players/g/garcifr01.html",195,3,0.357,1.1,0.507,0.427,2.8,6.7,0.799,1.1,1.4,549,7.9,5,0.369,1.8,NA,10.5,0.448,4.7,0.849,3.7,3.2,98,14.4,79
2008,2009,"February 8, 1985","University of Missouri","6-5","Thomas Gardner","G","/players/g/gardnth01.html",225,1.8,0.2,0.4,0.364,0.305,0.9,3,0.333,0.1,0.3,20,2.3,6,0.336,2,NA,10.3,0.396,4.1,0.777,2.3,1.8,89,12,77
2007,2018,"August 17, 1986","University of Connecticut","6-8","Rudy Gay","F","/players/g/gayru01.html",230,3,0.344,1,0.487,0.453,6.8,15,0.794,3.3,4.2,808,17.9,2.3,0.378,0.9,NA,10.8,0.461,5,0.721,3.8,2.8,64,13.6,80
2010,2017,"May 29, 1987","University of Alabama","6-6","Alonzo Gee","G","/players/g/geeal01.html",225,1.4,0.325,0.4,0.474,0.434,2.4,5.5,0.754,1.4,1.8,417,6.6,2.8,0.325,0.9,NA,10.4,0.447,4.7,0.632,4,2.5,128,12.7,78
2007,2013,"February 27, 1986","University of Texas at Austin","6-2","Daniel Gibson","G","/players/g/gibsoda01.html",190,3.6,0.407,1.5,0.512,0.402,2.7,6.7,0.78,1,1.3,397,7.8,6.6,0.387,2.6,NA,10.5,0.411,4.3,0.741,3.4,2.5,68,13.8,74
2009,2010,"February 13, 1985","University of Kansas, University of New Mexico","6-5","J.R. Giddens","G","/players/g/giddejr01.html",215,0.3,0,0,0.476,0.476,0.8,1.7,0.565,0.3,0.6,38,1.9,4.8,0.35,1.7,NA,10.9,0.464,5.1,0.602,2.5,1.5,122,13.3,77
2010,2010,"January 24, 1985","McNeese State University, Northwestern State University","6-9","Trey Gilder","F","/players/g/gildetr01.html",185,0,NA,0,1,1,0.5,0.5,NA,0,0,2,1,1.5,0.263,0.4,NA,9.8,0.497,4.9,0.783,5.1,4,62,14.1,81
2006,2014,"September 1, 1982","Providence College","6-7","Ryan Gomes","F","/players/g/gomesry01.html",250,2,0.349,0.7,0.484,0.445,3.9,8.7,0.799,1.7,2.1,487,10.1,2,0.352,0.7,NA,13,0.519,6.8,0.789,5.3,4.2,116,18.4,79
2005,2015,"April 4, 1983","University of Connecticut","6-3","Ben Gordon","G","/players/g/gordobe01.html",200,3.9,0.401,1.6,0.497,0.432,5.3,12.2,0.857,2.8,3.2,744,14.9,5.5,0.423,2.3,NA,12.7,0.44,5.6,0.795,4.4,3.5,106,16.9,75
2009,2018,"December 25, 1988","Indiana University","6-4","Eric Gordon","G","/players/g/gordoer01.html",215,5.9,0.377,2.2,0.514,0.431,5.7,13.2,0.816,3.2,3.9,560,16.8,6.5,0.337,2.2,NA,13.3,0.433,5.8,0.834,8.7,7.2,32,20.9,76
2006,2011,"June 11, 1982","University of Central Florida, Oklahoma State University","6-7","Joey Graham","F","/players/g/grahajo01.html",225,0.5,0.3,0.1,0.498,0.483,2.3,4.7,0.815,1.2,1.5,377,5.9,1.5,0.378,0.6,NA,8.8,0.527,4.7,0.809,3.9,3.1,128,13,79
2006,2011,"June 11, 1982","University of Central Florida, Oklahoma State University","6-6","Stephen Graham","G","/players/g/grahast01.html",215,0.7,0.308,0.2,0.477,0.446,1.6,3.5,0.766,0.7,0.9,239,4,1.3,0.385,0.5,NA,4.6,0.458,2.1,0.747,2,1.5,119,6.2,78
2006,2015,"April 20, 1983","Bradley University, University of New Mexico","6-9","Danny Granger","F","/players/g/grangda01.html",222,4.5,0.38,1.7,0.5,0.434,5.7,13.1,0.848,3.7,4.4,586,16.8,2.2,0.366,0.8,NA,11.2,0.496,5.6,0.753,6.3,4.7,95,16.7,81
2010,2018,"June 22, 1987","University of North Carolina","6-6","Danny Green","G-F","/players/g/greenda02.html",215,4.5,0.395,1.8,0.538,0.418,3.1,7.5,0.816,0.8,1,538,8.8,3.4,0.375,1.3,NA,7.4,0.455,3.4,0.845,1.6,1.4,145,9.4,78
2006,2006,"October 25, 1982","Hampton University","6-7","Devin Green","G","/players/g/greende01.html",210,0.1,0,0,0.214,0.214,0.2,1,0.619,0.5,0.8,27,0.9,3.5,0.347,1.2,NA,11,0.452,5,0.736,4.3,3.1,123,14.3,79
2008,2018,"August 28, 1986","Georgetown University","6-9","Jeff Green","F","/players/g/greenje02.html",235,2.9,0.332,1,0.482,0.438,4.9,11.1,0.799,2.6,3.2,781,13.3,2.4,0.359,0.9,NA,9.7,0.488,4.8,0.7,3.9,2.7,102,13.1,81
2008,2008,"November 28, 1986","University of Florida","6-0","Taurean Green","G","/players/g/greenta01.html",177,0.6,0.182,0.1,0.32,0.28,0.4,1.5,0.917,0.6,0.7,17,1.6,4.3,0.389,1.7,NA,7.1,0.401,2.9,0.857,3.7,3.2,111,10.6,72
2009,2012,"February 21, 1988","Syracuse University","6-11","Donte Greene","F","/players/g/greendo01.html",226,2.1,0.304,0.7,0.463,0.406,2.3,5.7,0.701,0.8,1.2,253,6.1,7.5,0.345,2.6,NA,14.9,0.418,6.2,0.707,3.8,2.7,35,17.7,83
2007,2007,"October 23, 1979","Temple University","6-2","Lynn Greer","G","/players/g/greerly01.html",175,1.3,0.346,0.4,0.496,0.433,1.5,3.4,0.844,0.7,0.8,41,4.1,5.6,0.398,2.2,NA,12,0.403,4.8,0.852,4,3.4,137,15.3,74
2010,2010,"April 18, 1986","University of Oklahoma","6-7","Taylor Griffin","F","/players/g/griffta01.html",238,0.3,0,0,0.4,0.4,0.5,1.3,0.5,0.3,0.5,8,1.3,0.5,0.22,0.1,NA,4.9,0.468,2.3,0.721,2.6,1.9,129,6.6,79
2006,2006,"April 15, 1979","North Carolina State University","6-3","Anthony Grundy","G","/players/g/grundan01.html",180,1.3,0.333,0.4,0.566,0.5,1.6,3.2,0.643,0.8,1.2,12,4.3,4.1,0.333,1.4,NA,11.3,0.432,4.9,0.709,3.5,2.5,121,13.6,75
2009,2010,"February 23, 1987","University of Oregon","6-6","Malik Hairston","G","/players/h/hairsma01.html",220,0.2,0.167,0,0.52,0.512,1,2,0.514,0.3,0.6,62,2.4,3.1,0.395,1.2,NA,10.4,0.504,5.2,0.643,3.7,2.4,117,14.1,78
2007,2007,"June 5, 1984","George Washington University","6-8","Mike Hall","F","/players/h/hallmi01.html",230,0,NA,0,0.25,0.25,0.5,2,NA,0,0,2,1,2.3,0.378,0.9,NA,7.4,0.484,3.6,0.77,3.1,2.4,117,10.4,80
2010,2016,"November 3, 1985","University of North Carolina","6-9","Tyler Hansbrough","F","/players/h/hansbty01.html",250,0.1,0.136,0,0.44,0.439,2.2,5,0.738,2.3,3.1,428,6.7,0.3,0.316,0.1,NA,12.3,0.536,6.6,0.791,8.7,6.9,142,20.2,81
2010,2018,"August 26, 1989","Arizona State University","6-5","James Harden","G","/players/h/hardeja01.html",220,6.6,0.364,2.4,0.522,0.443,6.8,15.3,0.854,7.1,8.3,686,23,3.9,0.376,1.5,NA,11.9,0.506,6,0.755,7.2,5.4,69,19,77
2005,2018,"February 27, 1983","University of Wisconsin","6-3","Devin Harris","G","/players/h/harride01.html",192,2.6,0.327,0.8,0.484,0.434,3.7,8.4,0.798,2.9,3.7,915,11.1,5.2,0.375,1.9,NA,10.2,0.447,4.6,0.778,4.8,3.8,96,14.8,75
2008,2014,"June 15, 1983","Rice University","6-6","Mike Harris","F","/players/h/harrimi01.html",240,0.1,0,0,0.464,0.464,1.3,2.8,0.782,0.8,1,54,3.4,0.8,0.385,0.3,NA,10.7,0.602,6.5,0.731,4.6,3.4,121,16.6,78
2005,2008,"August 15, 1982","University of Colorado","7-0","David Harrison","C","/players/h/harrida01.html",280,0,NA,0,0.53,0.53,2,3.7,0.525,1.1,2,189,5,0,0,0,NA,9.2,0.601,5.6,0.553,7,3.9,88,15,84
2008,2017,"April 28, 1988","University of Washington","7-1","Spencer Hawes","C-F","/players/h/hawessp01.html",245,1.5,0.35,0.5,0.49,0.457,3.6,7.8,0.716,1,1.4,684,8.7,0.1,0.333,0,NA,11.7,0.532,6.2,0.755,3.2,2.4,31,14.9,85
2006,2016,"June 11, 1983","University of Kentucky","6-6","Chuck Hayes","C-F","/players/h/hayesch01.html",240,0,0,0,0.498,0.498,1.6,3.3,0.62,0.5,0.8,644,3.7,0.6,0.244,0.1,NA,6.7,0.503,3.4,0.733,2.9,2.1,134,9,78
2006,2011,"November 26, 1982","University of Illinois at Urbana-Champaign","6-3","Luther Head","G","/players/h/headlu01.html",185,3.3,0.388,1.3,0.515,0.423,2.9,7,0.773,1,1.3,348,8.2,4.3,0.382,1.6,NA,7.5,0.473,3.5,0.752,1.9,1.4,128,10.1,75
2010,2017,"December 9, 1987","Duke University","6-5","Gerald Henderson","G","/players/h/hendege02.html",215,1.4,0.327,0.5,0.464,0.44,4.2,9.6,0.793,2.3,2.9,535,11.2,2,0.329,0.7,NA,9.7,0.458,4.4,0.706,3.9,2.7,103,12.3,77
2009,2017,"December 11, 1986","Georgetown University","7-2","Roy Hibbert","C","/players/h/hibbero01.html",270,0,0.25,0,0.465,0.465,4,8.5,0.755,2.1,2.7,662,10,0,1,0,NA,7,0.603,4.2,0.68,3.5,2.4,136,10.9,86
2009,2016,"September 4, 1988","North Carolina State University","6-9","J.J. Hickson","C-F","/players/h/hicksjj01.html",242,0,0,0,0.505,0.505,3.8,7.6,0.617,1.8,3,534,9.5,0,0,0,NA,8.9,0.591,5.3,0.677,6.3,4.3,31,14.8,81
2009,2018,"May 4, 1986","Indiana University-Purdue University Indianapolis","6-3","George Hill","G","/players/h/hillge01.html",188,3.3,0.383,1.3,0.523,0.453,4.1,9,0.8,2.2,2.7,664,11.6,2.3,0.404,0.9,NA,10.7,0.529,5.6,0.785,6.1,4.8,95,17,75
2009,2009,"November 14, 1985","University of Arkansas","7-0","Steven Hill","C","/players/h/hillst01.html",248,0,NA,0,1,1,1,1,NA,0,0,1,2,0,0,0,NA,2.9,0.589,1.7,0.519,1.2,0.6,132,4,84
2007,2007,"January 12, 1984","University of Miami","6-2","Robert Hite","G","/players/h/hitero01.html",184,1.9,0.217,0.4,0.358,0.317,1.6,5,0.667,0.7,1,12,4.3,4.9,0.384,1.9,NA,11.6,0.442,5.1,0.848,2.4,2,121,14.2,74
2006,2007,"November 18, 1983","North Carolina State University","6-7","Julius Hodge","G","/players/h/hodgeju01.html",210,0,NA,0,0.44,0.44,0.5,1.1,0.5,0.3,0.5,23,1.2,2.7,0.329,0.9,NA,10.9,0.473,5.2,0.76,6.1,4.6,129,15.8,79
2006,2006,"August 8, 1979","California State University, Fresno, San Diego State University","6-9","Randy Holcomb","F","/players/h/holcora01.html",225,0,NA,0,1,1,0.3,0.3,NA,0,0,4,0.5,1.3,0.315,0.4,NA,10.1,0.473,4.8,0.644,3.9,2.5,93,12.5,81
2010,2018,"June 12, 1990","University of California, Los Angeles","6-4","Jrue Holiday","G","/players/h/holidjr01.html",205,3.3,0.361,1.2,0.494,0.449,5.9,13.2,0.788,1.9,2.4,583,14.9,2.5,0.307,0.8,NA,7.1,0.45,3.2,0.726,1.8,1.3,35,8.5,76
2007,2016,"October 10, 1984","University of California, Los Angeles","7-0","Ryan Hollins","C","/players/h/holliry01.html",240,0,0,0,0.584,0.584,1.3,2.3,0.649,1,1.6,518,3.7,0,1,0,NA,3.5,0.575,2,0.591,2.9,1.7,113,5.7,84
2008,2018,"June 3, 1986","University of Florida","6-10","Al Horford","C-F","/players/h/horfoal01.html",245,1.1,0.372,0.4,0.543,0.525,6,11.4,0.75,1.8,2.4,717,14.2,0,0,0,NA,6.6,0.586,3.9,0.619,4.1,2.5,109,10.3,82
2010,2015,"August 7, 1984","University of Tennessee at Martin","6-3","Lester Hudson","G","/players/h/hudsole01.html",190,1.8,0.277,0.5,0.431,0.375,1.7,4.4,0.806,0.9,1.1,57,4.7,9.5,0.372,3.5,NA,20.4,0.456,9.3,0.858,5.2,4.4,65,26.6,75
2005,2017,"February 6, 1985","University of Minnesota","6-9","Kris Humphries","C-F","/players/h/humphkr01.html",235,0.2,0.293,0.1,0.469,0.463,2.6,5.6,0.7,1.4,2,800,6.7,1.7,0.34,0.6,NA,17.2,0.444,7.6,0.742,7.9,5.9,29,21.7,81
2010,2010,"July 7, 1984","University of Michigan","6-11","Chris Hunter","F","/players/h/huntech01.html",240,0.1,0,0,0.502,0.502,1.8,3.6,0.754,0.9,1.2,60,4.5,1,0.318,0.3,NA,5.1,0.464,2.4,0.749,2.5,1.9,105,7,83
2009,2010,"May 28, 1986","Ohio State University","6-8","Othello Hunter","F","/players/h/hunteot01.html",225,0,NA,0,0.469,0.469,0.7,1.4,0.333,0.1,0.4,23,1.4,0.2,0.308,0.1,NA,5.6,0.583,3.3,0.603,2,1.2,76,7.8,80
2005,2018,"January 28, 1984","University of Arizona","6-6","Andre Iguodala","G-F","/players/i/iguodan01.html",215,2.7,0.333,0.9,0.511,0.465,4.5,9.7,0.713,2.6,3.7,1040,12.6,1.9,0.274,0.5,NA,7.8,0.424,3.3,0.738,3.3,2.5,62,9.6,78
2005,2014,"December 20, 1981","University of Texas at Austin","6-3","Royal Ivey","G","/players/i/iveyro01.html",200,0.9,0.361,0.3,0.459,0.406,1.3,3.1,0.706,0.5,0.7,492,3.3,1.2,0.338,0.4,NA,6.1,0.455,2.8,0.709,2.6,1.9,133,7.8,75
2006,2018,"October 28, 1983","Georgia Institute of Technology","6-3","Jarrett Jack","G","/players/j/jackja01.html",200,2.1,0.343,0.7,0.48,0.44,3.9,8.9,0.855,2.3,2.7,865,10.8,2.6,0.359,0.9,NA,8.4,0.478,4,0.796,4.5,3.6,101,12.5,75
2010,2010,"March 5, 1986","St. John's University, Cleveland State University","6-3","Cedric Jackson","G","/players/j/jacksce01.html",191,0.5,0.167,0.1,0.325,0.3,0.5,1.7,0.583,0.6,1,12,1.7,2.4,0.305,0.7,NA,7.5,0.391,2.9,0.636,3.5,2.2,125,8.8,75
2009,2011,"November 7, 1985","University of Kansas","6-9","Darnell Jackson","F","/players/j/jacksda01.html",253,0.1,0.235,0,0.456,0.449,0.9,2,0.644,0.4,0.7,138,2.2,0,0.333,0,NA,4.3,0.58,2.5,0.685,2.6,1.8,125,6.8,81
2005,2008,"November 6, 1981","University of Oregon","6-7","Luke Jackson","F","/players/j/jackslu02.html",215,1.2,0.36,0.4,0.426,0.357,1.2,3.2,0.732,0.7,1,73,3.5,3.4,0.402,1.4,NA,11.1,0.461,5.1,0.849,4.7,4,126,15.6,79
2006,2007,"March 5, 1976","University of Maryland","6-4","Sarunas Jasikevicius","G","/players/j/jasiksa01.html",195,2.7,0.355,0.9,0.483,0.397,2.2,5.4,0.908,1.5,1.7,138,6.8,3,0.375,1.1,NA,6,0.437,2.6,0.733,1.8,1.3,120,7.7,76
2010,2014,"August 5, 1985","University of Illinois at Chicago, Robert Morris University (IL)","6-5","Othyus Jeffers","G","/players/j/jeffeot01.html",200,0.2,0.167,0,0.465,0.46,1.2,2.7,0.667,1.2,1.9,37,3.8,0.2,0.167,0,NA,10.6,0.477,5.1,0.607,5.6,3.4,63,13.5,77
2009,2009,"December 15, 1983","University of Arkansas","6-5","Dontell Jefferson","G","/players/j/jeffedo01.html",195,0.3,0.5,0.2,0.523,0.5,1.8,3.7,0.667,1,1.5,6,4.8,1,0.277,0.3,NA,3,0.389,1.2,0.67,1.5,1,62,3.6,77
2007,2008,"February 8, 1983","Florida State University","6-9","Alexander Johnson","F","/players/j/johnsal01.html",240,0,NA,0,0.517,0.517,1.5,2.9,0.672,1.3,2,102,4.3,0.4,0.308,0.1,NA,6.4,0.52,3.3,0.667,4.5,3,92,9.8,81
2010,2018,"February 20, 1987","Wake Forest University","6-9","James Johnson","F","/players/j/johnsja01.html",250,1.5,0.3,0.4,0.515,0.481,3.1,6.5,0.694,1.2,1.8,545,8,2.8,0.296,0.8,NA,11.2,0.515,5.8,0.693,3.6,2.5,61,14.8,81
2009,2012,"August 30, 1984","Alcorn State University, Jackson State University","6-5","Trey Johnson","G","/players/j/johnstr01.html",218,0.1,0.333,0,0.394,0.385,0.9,2.3,0.947,0.8,0.8,23,2.6,4.9,0.382,1.9,NA,16.2,0.429,6.9,0.751,7,5.2,96,21,77
2007,2008,"January 9, 1984","University of Washington","6-7","Bobby Jones","F","/players/j/jonesbo02.html",215,0.7,0.306,0.2,0.483,0.442,1.1,2.6,0.685,0.7,1,91,3.2,1.4,0.367,0.5,NA,6.8,0.501,3.4,0.707,3.5,2.5,125,9.8,79
2005,2005,"May 25, 1975","University of Minnesota, University of Central Florida","6-6","Mark Jones","G","/players/j/jonesma03.html",215,0.4,0,0,0.29,0.29,0.9,3.1,0.5,0.5,1,10,2.3,2.3,0.331,0.8,NA,11.3,0.48,5.4,0.64,3.8,2.4,60,14,78
2007,2014,"July 16, 1984","University of South Florida","6-10","Solomon Jones","F","/players/j/jonesso01.html",230,0,0.111,0,0.467,0.467,1.1,2.3,0.717,0.8,1.2,281,3,0,0,0,NA,7.3,0.505,3.7,0.693,3.6,2.5,59,9.8,82
2008,2010,"March 6, 1983","Boise State University","6-5","Coby Karl","G","/players/k/karlco01.html",215,1,0.25,0.3,0.397,0.345,0.8,2.4,0.75,0.5,0.7,24,2.4,5.6,0.371,2.1,NA,9.5,0.413,3.9,0.787,4.3,3.4,127,13.4,77
2007,2009,"March 21, 1984","University of South Carolina","6-6","Tarence Kinsey","G","/players/k/kinseta01.html",185,0.7,0.324,0.2,0.481,0.453,1.7,3.8,0.817,1.1,1.3,109,4.7,2.9,0.356,1,NA,8.2,0.421,3.4,0.737,2.5,1.8,123,9.8,78
2006,2013,"January 3, 1985","University of Missouri","6-8","Linas Kleiza","F","/players/k/kleizli01.html",245,2.8,0.335,0.9,0.502,0.435,3.1,7.1,0.763,1.6,2,409,8.7,2.8,0.287,0.8,NA,11.3,0.413,4.7,0.707,6.1,4.3,49,14.4,80
2005,2005,"December 16, 1981","University of Pittsburgh","6-0","Brandin Knight","G","/players/k/knighbr02.html",180,0,NA,0,0,0,0,1,NA,0,0,1,0,5.1,0.32,1.6,NA,9.7,0.399,3.9,0.537,3.6,1.9,127,11.3,72
2009,2018,"February 24, 1989","Ohio State University","7-0","Kosta Koufos","C","/players/k/koufoko01.html",265,0,0,0,0.537,0.537,2.6,4.9,0.587,0.6,1.1,644,5.8,1.7,0.349,0.6,NA,11.8,0.508,6,0.68,2.7,1.8,37,14.4,84
2009,2009,"March 5, 1985","University of Notre Dame","6-9","Rob Kurz","F","/players/k/kurzro01.html",232,1,0.395,0.4,0.447,0.389,1.3,3.3,0.8,1,1.3,40,3.9,1.6,0.409,0.7,NA,6,0.468,2.8,0.81,3.8,3.1,108,9.4,81
2010,2010,"May 6, 1984","University of Houston","6-2","Oliver Lafayette","G","/players/l/lafayol01.html",190,2,0.5,1,0.583,0.5,3,6,NA,0,0,1,7,7.8,0.322,2.5,NA,13.6,0.359,4.9,0.725,3.8,2.7,64,15,74
2008,2016,"September 19, 1983","Purdue University","6-9","Carl Landry","F","/players/l/landrca01.html",248,0.1,0.3,0,0.536,0.535,4.1,7.6,0.785,2.7,3.4,513,10.8,0.7,0.233,0.2,NA,10.5,0.602,6.3,0.714,7.9,5.6,64,18.4,81
2010,2010,"November 1, 1985","University of Wisconsin","6-7","Marcus Landry","F","/players/l/landrma01.html",230,1.6,0.321,0.5,0.477,0.372,0.9,2.4,0.6,0.2,0.3,18,2.4,1.5,0.361,0.5,NA,7.2,0.49,3.5,0.67,2.4,1.6,121,9.2,79
2008,2008,"September 15, 1983","University of Kansas","6-4","Keith Langford","G","/players/l/langfke01.html",215,0,NA,0,0.25,0.25,0.5,2,NA,0,0,2,1,2.3,0.328,0.8,NA,10,0.495,4.9,0.649,4.2,2.7,136,13.3,76
2008,2011,"January 25, 1985","Texas A&M University","6-3","Acie Law","G","/players/l/lawac01.html",195,0.6,0.235,0.1,0.434,0.413,1.4,3.4,0.778,0.9,1.2,188,3.9,2.6,0.357,0.9,NA,10.6,0.466,5,0.76,3.7,2.8,122,13.7,75
2010,2017,"November 3, 1987","University of North Carolina","5-11","Ty Lawson","G","/players/l/lawsoty01.html",195,2.4,0.359,0.9,0.504,0.46,4.5,9.8,0.77,2.7,3.6,551,12.7,2.6,0.403,1.1,NA,8.5,0.517,4.4,0.78,4.1,3.2,105,13.1,71
2009,2018,"October 3, 1985","Western Kentucky University","6-5","Courtney Lee","G","/players/l/leeco01.html",200,2.9,0.389,1.1,0.517,0.451,3.8,8.4,0.856,1.3,1.5,752,10,4.8,0.401,1.9,NA,13.6,0.464,6.3,0.817,3.7,3.1,127,17.6,77
2006,2017,"April 29, 1983","University of Florida","6-9","David Lee","F","/players/l/leeda02.html",245,0,0.034,0,0.536,0.535,5.5,10.3,0.772,2.5,3.2,829,13.5,0,0,0,NA,7.4,0.581,4.3,0.681,4,2.8,127,11.3,81
2009,2018,"April 1, 1988","Stanford University","7-0","Brook Lopez","C","/players/l/lopezbr01.html",275,1.2,0.334,0.4,0.516,0.502,6.9,13.8,0.789,3.7,4.7,634,17.9,0.4,0.143,0.1,NA,12.7,0.48,6.1,0.764,4.9,3.7,53,16,84
2009,2018,"April 1, 1988","Stanford University","7-0","Robin Lopez","C","/players/l/lopezro01.html",255,0,0.2,0,0.527,0.527,3.8,7.1,0.76,1.5,2,692,9,0,0.5,0,NA,6.9,0.511,3.5,0.612,3.1,1.9,67,9,84
2009,2018,"September 7, 1988","University of California, Los Angeles","6-10","Kevin Love","F","/players/l/loveke01.html",251,4.3,0.37,1.6,0.502,0.444,6,13.6,0.824,4.6,5.6,634,18.3,2.1,0.354,0.7,NA,10.4,0.559,5.8,0.767,6.6,5.1,39,17.5,82
2007,2018,"March 25, 1986","Villanova University","6-0","Kyle Lowry","G","/players/l/lowryky01.html",205,4.7,0.369,1.7,0.504,0.424,4.6,10.9,0.803,3.4,4.3,789,14.4,0.7,0.325,0.2,NA,7.1,0.449,3.2,0.737,4,2.9,57,9.5,72
2006,2017,"November 21, 1982","Baylor University, Oklahoma State University","5-11","John Lucas III","G","/players/l/lucasjo02.html",166,2,0.344,0.7,0.452,0.383,1.9,4.9,0.768,0.3,0.4,242,4.7,5.8,0.383,2.2,NA,11.9,0.445,5.3,0.869,2.4,2.1,126,14.9,71
2007,2007,"May 7, 1982","South Plains College, California State University, Fresno","6-7","Renaldo Major","F","/players/m/majorre01.html",200,0,NA,0,0.2,0.2,2,10,0.5,1,2,1,5,1.6,0.424,0.7,NA,7.3,0.477,3.5,0.795,3.2,2.6,41,10.2,79
2006,2007,"February 20, 1982","Ball State University, Oakland University","6-9","Rawle Marshall","G-F","/players/m/marshra01.html",190,0.3,0.238,0.1,0.393,0.376,0.9,2.4,0.716,0.8,1.2,63,2.7,3.4,0.311,1,NA,12.7,0.445,5.6,0.727,5.8,4.2,103,16.5,81
2009,2015,"November 20, 1984","Kansas State University","6-7","Cartier Martin","F","/players/m/martica01.html",220,2.4,0.372,0.9,0.491,0.392,1.8,4.5,0.729,0.6,0.9,243,5.1,4,0.399,1.6,NA,10.1,0.458,4.6,0.78,3.8,2.9,112,13.8,79
2005,2016,"February 1, 1983","Western Carolina University","6-7","Kevin Martin","G","/players/m/martike02.html",199,4.2,0.384,1.6,0.502,0.437,5.4,12.3,0.87,5,5.7,714,17.4,6.4,0.346,2.2,NA,15.5,0.462,7.2,0.841,8,6.8,79,23.3,79
2010,2018,"October 14, 1986","Marquette University","6-5","Wesley Matthews","G","/players/m/matthwe02.html",220,5.6,0.383,2.1,0.524,0.427,4.7,11.1,0.827,2.2,2.7,655,13.8,2.3,0.341,0.8,NA,9.1,0.444,4,0.799,5.4,4.3,127,13.2,77
2006,2015,"February 18, 1983","University of Cincinnati","6-7","Jason Maxiell","F","/players/m/maxieja01.html",260,0,0,0,0.495,0.495,2.3,4.6,0.564,1.1,2,618,5.6,0.1,0.286,0,NA,8.6,0.507,4.4,0.653,5.2,3.4,129,12.1,79
2006,2010,"April 4, 1984","University of North Carolina","6-9","Sean May","F","/players/m/mayse01.html",266,0.1,0.231,0,0.46,0.458,2.7,5.9,0.746,1.4,1.9,119,6.9,0.1,0,0,NA,11.2,0.513,5.7,0.717,6,4.3,77,15.8,81
2010,2014,"June 11, 1987","Virginia Commonwealth University","6-3","Eric Maynor","G","/players/m/maynoer01.html",175,1.2,0.35,0.4,0.442,0.392,1.6,4.2,0.721,0.6,0.8,267,4.3,3,0.37,1.1,NA,11.2,0.449,5,0.791,4.9,3.9,130,15,75
2009,2016,"November 5, 1987","University of Southern California","6-5","O.J. Mayo","G","/players/m/mayooj01.html",210,4.2,0.373,1.6,0.494,0.429,5.1,12,0.82,2,2.5,547,13.8,6.5,0.409,2.7,NA,16.2,0.442,7.2,0.803,4.6,3.7,33,20.7,77
2009,2018,"September 9, 1986","University of California, Los Angeles","6-8","Luc Mbah a Moute","F","/players/m/mbahalu01.html",230,0.9,0.336,0.3,0.483,0.455,2.5,5.4,0.661,1.2,1.8,681,6.4,0.9,0.215,0.2,NA,6.8,0.503,3.4,0.668,2.5,1.7,107,8.7,80
2006,2009,"September 25, 1984","University of North Carolina","6-4","Rashad McCants","G","/players/m/mccanra01.html",207,3.2,0.368,1.2,0.499,0.431,3.7,8.6,0.741,1.4,1.8,249,10,5.4,0.415,2.3,NA,12.9,0.486,6.3,0.721,3.8,2.8,98,17.6,76
2007,2007,"May 27, 1984","University of Maryland","6-5","Chris McCray","G","/players/m/mccrach01.html",192,0,NA,0,0,0,0,0.6,NA,0,0,5,0,3,0.33,1,NA,7.7,0.463,3.5,0.854,3.1,2.7,103,10.8,77
2007,2007,"April 26, 1982","Oklahoma State University","6-8","Ivan McFarlin","F","/players/m/mcfariv01.html",240,0.1,0,0,0.385,0.385,0.5,1.2,0.714,0.5,0.6,11,1.4,0,0.4,0,NA,7.9,0.584,4.6,0.668,3.5,2.3,132,11.6,80
2009,2018,"January 19, 1988","University of Nevada, Reno","7-0","JaVale McGee","C","/players/m/mcgeeja01.html",270,0,0.067,0,0.559,0.559,3.2,5.7,0.582,1.1,2,557,7.5,0.7,0.356,0.2,NA,6.5,0.542,3.5,0.514,2.7,1.4,66,8.7,84
2008,2013,"October 20, 1985","University of California, California State University, Fresno","6-9","Dominic McGuire","F","/players/m/mcguido01.html",220,0,0.188,0,0.42,0.419,1.1,2.7,0.658,0.5,0.7,342,2.7,1.1,0.253,0.3,NA,7.2,0.462,3.3,0.556,3.2,1.8,86,8.7,81
2008,2018,"February 28, 1987","Duke University","6-10","Josh McRoberts","F","/players/m/mcrobjo01.html",240,1.3,0.34,0.5,0.513,0.463,2.1,4.6,0.705,0.7,1,433,5.4,0.5,0.278,0.1,NA,7.5,0.54,4,0.664,3.8,2.5,69,10.8,82
2010,2018,"August 21, 1987","University of Kentucky","6-4","Jodie Meeks","G","/players/m/meeksjo01.html",210,3.9,0.372,1.4,0.516,0.418,3.1,7.4,0.88,1.7,1.9,530,9.3,5.7,0.386,2.2,NA,10.9,0.436,4.8,0.89,4.1,3.7,81,15.4,76
2006,2006,"April 13, 1983","University of Kansas","6-1","Aaron Miles","G","/players/m/milesaa01.html",175,0,NA,0,0.333,0.333,0.3,0.9,1,0.2,0.2,19,0.8,2.2,0.342,0.8,NA,6.9,0.415,2.9,0.755,2.7,2.1,138,8.6,73
2010,2018,"August 11, 1988","Saint Mary's College of California","6-0","Patty Mills","G","/players/m/millspa02.html",185,3.6,0.391,1.4,0.535,0.432,3,7,0.848,0.8,0.9,521,8.2,6.7,0.331,2.2,NA,13.4,0.415,5.6,0.806,3.7,3,58,16.4,72
2007,2018,"February 10, 1985","Louisiana Tech University","6-8","Paul Millsap","F","/players/m/millspa01.html",246,1.3,0.331,0.4,0.511,0.492,5.4,10.9,0.734,3.1,4.2,873,14.2,0.2,0.375,0.1,NA,12.4,0.577,7.2,0.62,6.8,4.2,92,18.6,80
2007,2010,"July 19, 1984","Gonzaga University","6-8","Adam Morrison","F","/players/m/morriad01.html",205,2.3,0.331,0.8,0.423,0.373,2.9,7.8,0.71,0.9,1.2,161,7.5,3.7,0.368,1.3,NA,14,0.503,7,0.761,5.5,4.2,95,19.7,80
2009,2017,"September 27, 1985","Georgia Institute of Technology","6-5","Anthony Morrow","G","/players/m/morroan01.html",210,3.4,0.417,1.4,0.539,0.447,3.5,7.8,0.88,1.1,1.2,564,9.4,5,0.421,2.1,NA,8.8,0.437,3.8,0.867,1.8,1.6,123,11.4,77
2010,2014,"February 14, 1989","Ohio State University","7-0","Byron Mullens","C","/players/m/mulleby01.html",275,1.8,0.319,0.6,0.448,0.408,2.9,7.2,0.706,0.9,1.3,189,7.4,0,0,0,NA,5.7,0.638,3.6,0.559,2.8,1.6,33,8.8,84
2009,2009,"November 2, 1985","Duke University","6-4","DeMarcus Nelson","G","/players/n/nelsode01.html",200,0.2,0,0,0.444,0.444,1.8,4.2,0.357,0.4,1.1,13,4.1,2.7,0.373,1,NA,8.2,0.466,3.8,0.586,3.7,2.1,124,10.8,76
2005,2018,"February 9, 1982","Saint Joseph's University","6-0","Jameer Nelson","G","/players/n/nelsoja01.html",190,3.6,0.368,1.3,0.502,0.436,4.3,9.9,0.81,1.4,1.7,878,11.3,5,0.365,1.8,NA,12.4,0.454,5.6,0.786,4.7,3.7,125,16.8,72
2008,2009,"September 4, 1984","Syracuse University","6-8","Demetris Nichols","F","/players/n/nichode01.html",216,0.8,0.2,0.2,0.328,0.281,0.5,1.8,0.5,0.1,0.1,18,1.2,4.7,0.358,1.7,NA,9,0.423,3.8,0.752,2.1,1.6,123,10.9,80
2008,2018,"February 25, 1985","University of Florida","6-11","Joakim Noah","C","/players/n/noahjo01.html",230,0,0,0,0.49,0.49,3.4,7,0.699,2.1,3,625,8.9,0,0.5,0,NA,6.2,0.616,3.8,0.684,4.2,2.9,108,10.5,83
2007,2007,"February 27, 1984","University of North Carolina","6-6","David Noel","F","/players/n/noelda01.html",230,0.8,0.321,0.3,0.415,0.367,1,2.6,0.86,0.5,0.6,68,2.7,1.4,0.354,0.5,NA,5.2,0.532,2.7,0.587,1.6,0.9,127,6.9,78
2007,2017,"June 13, 1983","Marquette University","6-10","Steve Novak","F","/players/n/novakst01.html",225,2.9,0.43,1.2,0.605,0.437,1.6,3.7,0.877,0.2,0.2,467,4.7,6.1,0.461,2.8,NA,8.4,0.456,3.8,0.931,2.1,1.9,126,12.4,82
2006,2008,"October 31, 1980","Indiana University, University of Houston","6-4","Andre Owens","G","/players/o/owensan01.html",200,1,0.375,0.4,0.428,0.37,1.2,3.4,0.712,0.7,1,54,3.6,6.2,0.34,2.1,NA,11.5,0.385,4.4,0.737,3.1,2.2,117,13.2,76
2006,2018,"May 6, 1985","Wake Forest University","6-0","Chris Paul","G","/players/p/paulch01.html",175,3.4,0.371,1.3,0.518,0.472,6.6,13.9,0.868,4.3,4.9,891,18.7,2.9,0.47,1.4,NA,9.3,0.472,4.4,0.838,5.8,4.9,63,15,72
2007,2007,"October 20, 1983","University of Nevada, Reno","6-10","Kevinn Pinkney","F","/players/p/pinknke01.html",245,0.3,0.5,0.2,0.463,0.444,2,4.5,0.667,1,1.5,6,5.2,0.2,0.185,0,NA,6.1,0.515,3.1,0.708,2.9,2,110,8.3,82
2007,2011,"January 22, 1984","University of California","6-8","Leon Powe","F","/players/p/powele01.html",240,0,0,0,0.515,0.515,2.1,4,0.682,2.1,3.1,239,6.2,0.2,0.3,0.1,NA,12,0.492,5.9,0.672,8.8,5.9,54,17.8,80
2006,2014,"January 25, 1983","North Carolina State University","6-9","Josh Powell","F","/players/p/poweljo01.html",225,0.1,0.35,0,0.441,0.438,1.6,3.6,0.743,0.7,0.9,316,3.9,0.6,0.289,0.2,NA,6.6,0.553,3.7,0.729,3,2.2,65,9.7,81
2008,2008,"March 18, 1981","Texas Tech University","6-7","Kasib Powell","F","/players/p/powelka01.html",215,3,0.242,0.7,0.411,0.368,3.2,8.6,0.667,0.5,0.8,11,7.6,0.7,0.217,0.1,NA,11.9,0.492,5.9,0.629,5.1,3.2,67,15.1,79
2007,2007,"January 15, 1983","University of Illinois at Urbana-Champaign","6-6","Roger Powell","F","/players/p/powelro01.html",235,0.3,0,0,0,0,0,1,1,0.7,0.7,3,0.7,0.9,0.398,0.4,NA,6.2,0.572,3.6,0.662,2.6,1.7,128,9.2,78
2010,2015,"October 7, 1986","University of Connecticut","6-2","A.J. Price","G","/players/p/priceaj01.html",181,2.6,0.316,0.8,0.456,0.38,2.1,5.5,0.742,0.8,1.1,261,5.8,4.4,0.365,1.6,NA,10.5,0.413,4.3,0.722,3.7,2.7,99,13,74
2006,2017,"June 21, 1983","Nicholls State University, Utah Valley State College","6-2","Ronnie Price","G","/players/p/pricero01.html",190,1.5,0.302,0.4,0.434,0.373,1.4,3.6,0.738,0.5,0.7,544,3.7,7,0.345,2.4,NA,14.7,0.417,6.1,0.788,4,3.1,114,17.8,74
2008,2009,"April 19, 1986","University of Southern California","6-4","Gabe Pruitt","G","/players/p/pruitga01.html",170,1,0.283,0.3,0.382,0.321,0.7,2.3,0.783,0.3,0.4,62,2,5.7,0.393,2.2,NA,10.2,0.438,4.5,0.778,3.3,2.6,80,13.8,76
2007,2013,"September 27, 1983","University of Notre Dame","6-2","Chris Quinn","G","/players/q/quinnch01.html",185,1.8,0.377,0.7,0.483,0.399,1.6,4,0.809,0.7,0.9,241,4.5,4.7,0.417,1.9,NA,8.9,0.446,4,0.825,2.3,1.9,123,11.8,74
2009,2014,"July 15, 1989","Louisiana State University","6-10","Anthony Randolph","F","/players/r/randoan01.html",205,0.3,0.241,0.1,0.46,0.453,2.7,5.9,0.74,1.6,2.2,252,7.1,0.6,0.105,0.1,NA,12.7,0.464,5.9,0.693,5.4,3.7,31,15.6,82
2006,2015,"November 24, 1983","Duke University","6-10","Shavlik Randolph","F","/players/r/randosh01.html",240,0,0.167,0,0.451,0.449,0.9,2,0.544,0.6,1,146,2.3,0.5,0.286,0.1,NA,4.4,0.506,2.2,0.64,2.7,1.7,92,6.3,82
2007,2007,"June 17, 1984","Villanova University","6-2","Allan Ray","G","/players/r/rayal01.html",190,2.5,0.414,1,0.479,0.386,2.1,5.5,0.764,0.9,1.2,47,6.2,6.5,0.367,2.4,NA,12.4,0.407,5.1,0.82,3.7,3.1,130,15.6,74
2007,2018,"June 24, 1984","Duke University","6-4","J.J. Redick","G","/players/r/redicjj01.html",190,4.6,0.415,1.9,0.552,0.449,4.2,9.3,0.89,2.1,2.4,759,12.4,8.1,0.406,3.3,NA,13.7,0.433,5.9,0.912,5.2,4.8,139,19.9,76
2005,2007,"January 16, 1982","University of Mississippi","6-8","Justin Reed","F","/players/r/reedju01.html",240,0,0,0,0.404,0.404,1.3,3.2,0.752,0.9,1.2,136,3.5,1.3,0.285,0.4,NA,11.7,0.476,5.6,0.707,4.4,3.1,122,14.6,80
2006,2009,"February 14, 1983","University of Florida","6-2","Anthony Roberson","G","/players/r/roberan02.html",180,2.2,0.356,0.8,0.502,0.4,1.6,3.9,0.9,0.1,0.2,65,4.1,7.2,0.402,2.9,NA,12.5,0.444,5.5,0.864,2.6,2.3,93,16.2,74
2006,2007,"October 20, 1982","Baylor University, Mississippi State University","6-9","Lawrence Roberts","F","/players/r/roberla01.html",240,0,0,0,0.452,0.452,1.3,2.9,0.688,1.2,1.8,87,3.8,1.7,0.302,0.5,NA,12.1,0.458,5.5,0.659,7.4,4.9,118,16.5,81
2005,2007,"December 26, 1980","University of Michigan","6-6","Bernard Robinson","G-F","/players/r/robinbe01.html",210,0.2,0.161,0,0.422,0.417,1.7,4,0.786,1.1,1.5,128,4.5,1.9,0.297,0.6,NA,10.4,0.44,4.6,0.814,3.4,2.8,120,12.5,78
2006,2016,"May 31, 1984","University of Washington","5-9","Nate Robinson","G","/players/r/robinna01.html",180,3.6,0.36,1.3,0.493,0.423,4,9.4,0.796,1.7,2.2,618,11,4.1,0.348,1.4,NA,11,0.457,5,0.793,3.7,3,89,14.4,69
2007,2018,"February 22, 1986","University of Kentucky","6-1","Rajon Rondo","G","/players/r/rondora01.html",186,1.2,0.308,0.4,0.482,0.463,4.4,9.5,0.605,1.3,2.2,777,10.4,1.5,0.283,0.4,NA,7.4,0.493,3.7,0.577,3.3,1.9,68,9.6,73
2009,2018,"October 4, 1988","University of Memphis","6-3","Derrick Rose","G","/players/r/rosede01.html",190,2.5,0.296,0.7,0.473,0.451,7.4,16.4,0.821,3.5,4.2,493,19,2.6,0.337,0.9,NA,10.9,0.477,5.2,0.712,5.1,3.7,40,14.9,75
2005,2011,"April 30, 1981","Southern Methodist University","6-6","Quinton Ross","G","/players/r/rossqu01.html",195,0.3,0.318,0.1,0.432,0.419,1.7,4,0.711,0.6,0.9,458,4.1,4.3,0.331,1.4,NA,10.8,0.446,4.8,0.756,4.9,3.7,119,14.8,78
2007,2013,"July 23, 1984","University of Washington","6-6","Brandon Roy","G","/players/r/roybr01.html",215,2.8,0.348,1,0.492,0.459,6.8,14.9,0.8,4.2,5.2,326,18.8,1.5,0.344,0.5,NA,10.1,0.512,5.2,0.765,4.5,3.5,103,14.3,78
2009,2017,"July 7, 1985","University of Kansas","6-6","Brandon Rush","G-F","/players/r/rushbr01.html",220,2.7,0.402,1.1,0.518,0.426,2.5,5.9,0.706,0.6,0.8,481,6.8,4.3,0.435,1.9,NA,10.9,0.449,4.9,0.733,2.5,1.8,109,13.6,78
2006,2006,"January 3, 1981","Seward County Community College, Oklahoma State University","6-5","Melvin Sanders","G-F","/players/s/sandeme01.html",210,0.2,0.667,0.1,0.515,0.485,1,2.1,0.7,0.4,0.6,16,2.6,3.9,0.345,1.3,NA,8.7,0.431,3.7,0.639,1.7,1.1,94,9.9,77
2006,2006,"July 3, 1978","University of Oregon","6-4","Alex Scales","G","/players/s/scaleal01.html",185,0,NA,0,NA,NA,0,0,NA,0,0,1,0,5.2,0.323,1.7,NA,12.9,0.429,5.5,0.758,3.3,2.5,62,15.3,76
2006,2007,"December 31, 1982","Georgia Institute of Technology","7-1","Luke Schenscher","C","/players/s/schenlu01.html",255,0,NA,0,0.469,0.469,0.7,1.6,0.45,0.3,0.6,31,1.8,0,0.4,0,NA,5.6,0.542,3,0.632,2.1,1.3,118,7.4,85
2008,2018,"April 11, 1986","University of Nevada, Reno","6-3","Ramon Sessions","G","/players/s/sessira01.html",190,1,0.316,0.3,0.453,0.434,3.5,8,0.791,3.1,3.9,690,10.3,0.8,0.313,0.3,NA,7.6,0.417,3.2,0.74,3,2.2,97,8.8,75
2009,2009,"July 18, 1986","Mississippi State University, University of Alabama at Birmingham","6-9","Walter Sharpe","F","/players/s/sharpwa01.html",245,0.3,0,0,0.364,0.364,0.5,1.4,0,0,0.3,8,1,0.1,0,0,NA,5.2,0.534,2.8,0.5,2.8,1.4,40,7,81
2006,2007,"March 9, 1983","University of Kansas","6-9","Wayne Simien","F","/players/s/simiewa01.html",255,0,NA,0,0.469,0.469,1.3,2.8,0.854,0.7,0.8,51,3.3,0.2,0.24,0.1,NA,9.9,0.558,5.5,0.784,5,3.9,106,15,81
2007,2009,"January 3, 1986","North Carolina State University","6-9","Cedric Simmons","F","/players/s/simmoce01.html",235,0,NA,0,0.409,0.409,0.9,2.3,0.39,0.3,0.8,75,2.2,0.1,0.5,0,NA,4.8,0.565,2.7,0.652,3.5,2.3,63,7.7,81
2008,2009,"October 21, 1983","University of Michigan","6-10","Courtney Sims","C","/players/s/simsco01.html",245,0,NA,0,0.429,0.429,0.6,1.4,NA,0,0,5,1.2,0.1,0.154,0,NA,6.5,0.586,3.8,0.687,3.4,2.3,133,10,82
2009,2009,"September 6, 1985","University of Virginia","6-0","Sean Singletary","G","/players/s/singlse01.html",185,0.7,0.4,0.3,0.424,0.365,0.8,2.3,0.857,0.5,0.6,37,2.4,5,0.362,1.8,NA,12.9,0.406,5.2,0.846,5.5,4.7,123,16.9,72
2006,2012,"July 20, 1981","Murray State University","6-8","James Singleton","F","/players/s/singlja01.html",216,0.5,0.292,0.1,0.485,0.462,1.5,3.2,0.833,0.8,1,243,3.9,0.7,0.429,0.3,NA,8.8,0.567,5,0.794,4.1,3.3,60,13.5,80
2007,2012,"November 10, 1983","Boston College","6-7","Craig Smith","F","/players/s/smithcr01.html",250,0.1,0.037,0,0.553,0.553,3,5.5,0.661,1.6,2.4,403,7.6,0.5,0.239,0.1,NA,12.7,0.558,7.1,0.643,5.9,3.8,130,18.1,79
2008,2018,"March 2, 1986","Colorado State University","7-0","Jason Smith","C-F","/players/s/smithja02.html",245,0.4,0.332,0.1,0.481,0.47,2.6,5.5,0.781,0.9,1.2,595,6.2,0.3,0.308,0.1,NA,9.6,0.548,5.2,0.751,5.5,4.1,87,14.7,84
2007,2007,"April 12, 1983","La Salle University","6-8","Steven Smith","F","/players/s/smithst03.html",235,0,NA,0,0.25,0.25,0.3,1,0.5,0.1,0.3,8,0.6,3.3,0.326,1.1,NA,14.3,0.463,6.6,0.794,4.9,3.9,107,18.1,80
2005,2008,"June 5, 1983","University of Nevada, Reno","6-6","Kirk Snyder","G","/players/s/snydeki01.html",225,1.3,0.327,0.4,0.479,0.438,2.3,5.3,0.699,1.2,1.8,211,6.3,4.1,0.31,1.3,NA,13.3,0.426,5.7,0.677,6,4.1,84,16.7,78
2005,2007,"November 22, 1981","California State University, Fullerton","6-10","Pape Sow","F","/players/s/sowpa01.html",250,0,NA,0,0.416,0.416,1,2.5,0.678,0.8,1.2,76,2.9,0.9,0.294,0.3,NA,11.3,0.468,5.3,0.667,7.3,4.9,72,15.8,82
2005,2008,"April 18, 1977","University of Illinois at Urbana-Champaign, Arizona State University","6-6","Awvee Storey","G-F","/players/s/storeaw01.html",222,0.3,0.25,0.1,0.429,0.414,1,2.3,0.511,0.4,0.8,60,2.4,0.1,0.2,0,NA,8.1,0.459,3.7,0.613,2.5,1.5,102,9,78
2006,2008,"October 11, 1982","University of Arizona","6-1","Salim Stoudamire","G","/players/s/stoudsa01.html",179,2.9,0.366,1.1,0.483,0.407,2.8,7,0.882,1.3,1.5,157,8,5.8,0.458,2.7,NA,10.1,0.471,4.8,0.87,3.5,3,129,15.2,73
2008,2008,"June 15, 1985","University of Maryland","6-5","D.J. Strawberry","G","/players/s/strawdj01.html",201,0.8,0.24,0.2,0.348,0.315,0.9,2.8,0.474,0.3,0.6,33,2.2,1.9,0.33,0.6,NA,7.8,0.461,3.6,0.64,3.7,2.3,111,10.1,77
2008,2017,"April 21, 1986","Eastern Washington University","6-5","Rodney Stuckey","G","/players/s/stuckro01.html",210,1.4,0.3,0.4,0.443,0.423,4.5,10.6,0.824,3.2,3.9,651,12.6,5.2,0.317,1.7,NA,17.1,0.472,8.1,0.806,8.1,6.5,59,24.4,77
2010,2013,"January 24, 1988","Georgetown University","6-8","DaJuan Summers","F","/players/s/summeda01.html",230,1,0.367,0.3,0.438,0.384,1.2,3.2,0.642,0.5,0.8,83,3.3,4.1,0.353,1.4,NA,8.3,0.439,3.6,0.727,3.4,2.5,101,11.2,80
2010,2011,"December 8, 1986","University of Central Florida","6-4","Jermaine Taylor","G","/players/t/tayloje02.html",210,1,0.284,0.3,0.471,0.441,2.1,4.8,0.73,0.8,1.1,65,5.4,5.5,0.376,2.1,NA,12.5,0.466,5.8,0.764,3.3,2.5,122,16.2,76
2009,2009,"January 21, 1986","Iowa State University","6-2","Mike Taylor","G","/players/t/taylomi01.html",165,0.8,0.325,0.3,0.436,0.412,2.2,5.2,0.691,1.1,1.6,51,5.7,6.9,0.36,2.5,NA,14.2,0.376,5.3,0.682,4.2,2.8,31,16,74
2010,2018,"June 10, 1988","Wake Forest University","6-2","Jeff Teague","G","/players/t/teaguje01.html",186,2.5,0.356,0.9,0.49,0.447,4.5,10.1,0.844,2.8,3.3,668,12.7,3,0.421,1.3,NA,11.2,0.462,5.2,0.812,5.9,4.8,61,16.4,74
2010,2018,"May 8, 1986","Louisiana State University","6-6","Garrett Temple","G","/players/t/templga01.html",195,2.2,0.357,0.8,0.486,0.405,2,4.9,0.725,0.8,1.1,439,5.5,3,0.278,0.8,NA,5.9,0.371,2.2,0.783,1.9,1.5,134,6.7,78
2005,2008,"December 23, 1975","University of Kansas","6-4","Billy Thomas","G","/players/t/thomabi01.html",208,1.9,0.304,0.6,0.44,0.338,1,2.8,0.846,0.2,0.2,53,2.7,5,0.389,2,NA,7,0.427,3,0.722,0.7,0.5,137,8.4,76
2007,2015,"August 17, 1986","Louisiana State University","6-9","Tyrus Thomas","F","/players/t/thomaty01.html",215,0.1,0.235,0,0.439,0.438,2.9,6.5,0.732,2,2.7,402,7.7,0,1,0,NA,7.8,0.608,4.8,0.657,4.3,2.8,32,12.3,81
2006,2007,"February 23, 1983","University of California, Los Angeles","6-7","Dijon Thompson","G-F","/players/t/thompdi01.html",195,0.8,0.308,0.3,0.475,0.425,1.1,2.5,0.875,0.4,0.5,16,2.8,3.1,0.362,1.1,NA,10,0.464,4.6,0.781,2.7,2.1,117,12.5,79
2009,2016,"July 21, 1986","Rider University","6-11","Jason Thompson","C-F","/players/t/thompja02.html",250,0.1,0.143,0,0.497,0.496,3.6,7.2,0.657,1.7,2.5,588,8.9,0.8,0.291,0.2,NA,11.8,0.526,6.2,0.667,6,4,122,16.7,83
2008,2011,"December 7, 1983","Florida State University","6-8","Al Thornton","F","/players/t/thornal01.html",220,0.9,0.293,0.3,0.465,0.452,4.6,10.2,0.747,2.4,3.2,296,11.9,1.2,0.438,0.5,NA,8.3,0.528,4.4,0.701,4.2,3,124,12.3,80
2010,2017,"June 5, 1987","Louisiana State University","6-4","Marcus Thornton","G","/players/t/thornma01.html",205,4.2,0.358,1.5,0.498,0.425,4.4,10.4,0.83,1.6,1.9,483,11.9,6.7,0.382,2.5,NA,15.6,0.455,7.1,0.771,4.8,3.7,66,20.4,76
2009,2018,"June 1, 1985","Creighton University","6-8","Anthony Tolliver","C-F","/players/t/tollian01.html",240,3.2,0.375,1.2,0.539,0.421,2.2,5.1,0.771,1,1.3,597,6.5,0.5,0.333,0.2,NA,5.8,0.491,2.9,0.671,3.3,2.2,124,8.1,80
2008,2010,"February 11, 1984","University of Wisconsin","6-6","Alando Tucker","F","/players/t/tuckeal02.html",205,0.7,0.294,0.2,0.451,0.423,1.5,3.6,0.783,0.9,1.2,51,4.1,2.5,0.307,0.8,NA,12.4,0.48,6,0.636,6.1,3.9,134,16.5,78
2007,2018,"May 5, 1985","University of Texas at Austin","6-6","P.J. Tucker","F","/players/t/tuckepj01.html",245,2.4,0.357,0.9,0.496,0.427,2.7,6.4,0.748,1.1,1.5,498,7.4,0,0.5,0,NA,9.6,0.526,5,0.711,4.7,3.3,87,13.4,78
2006,2015,"January 13, 1983","Gonzaga University","6-10","Ronny Turiaf","F","/players/t/turiaro01.html",249,0,0,0,0.533,0.533,1.8,3.4,0.636,1.1,1.7,473,4.7,0.1,0.222,0,NA,8.2,0.518,4.2,0.715,7.1,5.1,127,13.6,82
2006,2016,"August 24, 1984","University of Connecticut","6-11","Charlie Villanueva","F","/players/v/villach01.html",232,3.2,0.341,1.1,0.494,0.435,4,9.3,0.772,1.2,1.6,656,10.4,1,0.393,0.4,NA,8.3,0.518,4.3,0.681,3.2,2.2,63,11.2,83
2005,2006,"June 6, 1981","Iowa State University","6-10","Jackson Vroman","C-F","/players/v/vromaja01.html",220,0,0,0,0.408,0.408,1.2,3,0.58,0.8,1.4,87,3.3,0.2,0.077,0,NA,9.7,0.558,5.4,0.512,4.7,2.4,63,13.2,82
2006,2012,"July 21, 1985","Florida State University","6-5","Von Wafer","G","/players/w/wafervo01.html",210,1.6,0.325,0.5,0.475,0.42,2,4.6,0.751,0.9,1.1,200,5.3,4.9,0.365,1.8,NA,8.7,0.405,3.5,0.669,1.9,1.3,61,10.1,77
2009,2015,"October 9, 1987","Kansas State University","6-6","Henry Walker","F","/players/w/walkebi01.html",220,2.8,0.369,1,0.556,0.446,2.1,4.8,0.76,0.6,0.9,181,6,3.3,0.285,0.9,NA,12.3,0.456,5.6,0.727,4.4,3.2,37,15.3,78
2006,2006,"December 2, 1982","University of Florida","6-6","Matt Walsh","G-F","/players/w/walshma01.html",205,0,NA,0,1,1,0.5,0.5,0,0,1,2,1,5.3,0.398,2.1,NA,9.7,0.454,4.4,0.796,4.1,3.2,92,14.1,78
2006,2013,"July 8, 1982","Syracuse University","6-9","Hakim Warrick","F","/players/w/warriha01.html",219,0.2,0.191,0,0.493,0.49,3.4,6.9,0.726,2.6,3.6,526,9.4,0.3,0.25,0.1,NA,10.6,0.536,5.7,0.659,5.9,3.9,135,15.4,81
2008,2008,"December 6, 1985","University of Memphis","6-2","Darius Washington","G","/players/w/washida01.html",195,0.7,0.333,0.2,0.479,0.438,1.2,2.7,0.538,0.4,0.7,18,2.9,3.4,0.376,1.3,NA,10.7,0.442,4.7,0.754,4.9,3.7,73,14.4,74
2008,2017,"April 17, 1984","University of Tennessee","6-2","C.J. Watson","G","/players/w/watsocj01.html",175,2.1,0.373,0.8,0.484,0.419,2.5,6,0.812,1.4,1.7,600,7.2,3.5,0.396,1.4,NA,8.4,0.432,3.6,0.777,4.3,3.4,119,12,74
2009,2011,"February 18, 1986","Washington State University","6-6","Kyle Weaver","G","/players/w/weaveky01.html",201,1.6,0.353,0.6,0.51,0.441,1.8,4.2,0.736,0.7,1,73,5,1.3,0.277,0.4,NA,7.2,0.464,3.3,0.716,3.6,2.6,121,9.6,78
2009,2016,"July 8, 1986","University of Arkansas","6-6","Sonny Weems","G-F","/players/w/weemsso01.html",205,0.7,0.283,0.2,0.48,0.465,2.8,6,0.702,0.7,1,183,6.5,3.7,0.366,1.3,NA,11,0.473,5.2,0.767,2.1,1.6,69,13.3,78
2005,2012,"July 26, 1983","Saint Joseph's University","6-4","Delonte West","G","/players/w/westde01.html",180,2.3,0.372,0.9,0.501,0.448,3.7,8.3,0.826,1.4,1.7,432,9.7,3.4,0.377,1.3,NA,10.3,0.489,5.1,0.831,3,2.5,89,13.9,76
2008,2011,"June 19, 1984","Georgia Institute of Technology","6-5","Mario West","G","/players/w/westma02.html",210,0.1,0.2,0,0.456,0.448,0.3,0.8,0.563,0.2,0.4,162,1,0.5,0.288,0.1,NA,2.4,0.47,1.1,0.678,1.2,0.8,103,3.2,77
2009,2018,"November 12, 1988","University of California, Los Angeles","6-3","Russell Westbrook","G","/players/w/westbru01.html",200,3.5,0.311,1.1,0.464,0.435,8,18.4,0.814,5.9,7.2,746,23,1.3,0.354,0.5,NA,6.6,0.464,3.1,0.685,2.4,1.7,75,8.3,75
2009,2014,"August 31, 1986","Indiana University","6-9","D.J. White","F","/players/w/whitedj01.html",251,0,0.333,0,0.507,0.507,2.5,5,0.72,0.8,1.1,138,5.9,0,0.333,0,NA,9.8,0.562,5.5,0.69,5.1,3.5,99,14.6,81
2007,2013,"October 21, 1982","University of Florida, University of Cincinnati","6-7","James White","G-F","/players/w/whiteja02.html",200,0.7,0.34,0.3,0.491,0.438,1.1,2.4,0.676,0.3,0.5,67,2.7,2.9,0.336,1,NA,7.8,0.444,3.5,0.784,3,2.4,123,10.3,79
2005,2018,"January 11, 1980","North Carolina State University, University of Georgia","6-6","Damien Wilkins","G-F","/players/w/wilkida02.html",225,1.1,0.327,0.4,0.458,0.426,2.3,5.4,0.783,1.2,1.6,582,6.2,2.3,0.305,0.7,NA,8.8,0.408,3.6,0.725,4.2,3.1,117,10.9,78
2006,2017,"June 26, 1984","University of Illinois at Urbana-Champaign","6-3","Deron Williams","G","/players/w/willide01.html",200,3.9,0.357,1.4,0.498,0.445,5.8,13,0.822,3.4,4.1,845,16.3,4.3,0.374,1.6,NA,9.4,0.422,4,0.685,2.1,1.5,101,11,75
2009,2011,"February 19, 1983","University of North Carolina","6-9","Jawad Williams","F","/players/w/willija04.html",218,1.6,0.313,0.5,0.435,0.369,1.4,3.8,0.719,0.5,0.6,90,3.8,2.8,0.349,1,NA,9.5,0.487,4.6,0.724,3.5,2.5,128,12.7,81
2007,2008,"May 12, 1984","University of Wyoming","6-10","Justin Williams","F","/players/w/williju01.html",225,0,0,0,0.573,0.573,1.4,2.4,0.348,0.6,1.8,49,3.4,0,0,0,NA,7,0.538,3.8,0.574,4.4,2.5,58,10.1,82
2007,2010,"December 3, 1985","University of Connecticut","6-3","Marcus Williams","G","/players/w/willima03.html",205,1.9,0.321,0.6,0.443,0.386,2.1,5.5,0.767,0.7,1,203,5.6,2.1,0.375,0.8,NA,7.2,0.402,2.9,0.791,3,2.4,70,9,75
2008,2009,"November 18, 1986","University of Arizona","6-7","Marcus Williams","F","/players/w/willima04.html",205,0,NA,0,0.318,0.318,0.5,1.7,NA,0,0,13,1.1,2.4,0.356,0.8,NA,11.9,0.475,5.6,0.71,3.7,2.6,63,14.7,79
2006,2018,"June 19, 1986","University of North Carolina","6-9","Marvin Williams","F","/players/w/willima02.html",237,2.5,0.36,0.9,0.498,0.444,3.8,8.5,0.808,2.1,2.6,938,10.5,1.2,0.432,0.5,NA,6.9,0.506,3.5,0.847,4.5,3.8,36,11.3,81
2010,2017,"September 14, 1986","Virginia Military Institute","6-6","Reggie Williams","F","/players/w/willire02.html",205,2.6,0.365,1,0.532,0.456,2.9,6.4,0.75,1,1.3,206,7.8,5.8,0.302,1.8,NA,16.7,0.498,8.3,0.703,6.3,4.4,112,22.8,78
2007,2015,"February 16, 1986","University of Memphis","6-9","Shawne Williams","F","/players/w/willish03.html",225,2.6,0.339,0.9,0.489,0.403,2.1,5.1,0.755,0.6,0.8,314,5.6,4.3,0.312,1.3,NA,10.4,0.416,4.3,0.786,4,3.2,36,13.2,81
2007,2012,"October 21, 1983","Duke University","6-9","Shelden Williams","F","/players/w/willish02.html",250,0,0.222,0,0.463,0.462,1.6,3.5,0.74,1.2,1.6,361,4.5,0.1,0.333,0,NA,8.6,0.572,4.9,0.694,5.7,4,139,13.9,81
2010,2013,"June 28, 1987","University of Louisville","6-6","Terrence Williams","F","/players/w/willite01.html",220,1.2,0.317,0.4,0.439,0.412,2.9,6.9,0.659,1,1.5,153,7.1,4.4,0.32,1.4,NA,10.3,0.4,4.1,0.589,2.6,1.5,140,11.2,78
2006,2011,"February 6, 1984","Texas A&M University","6-7","Antoine Wright","G-F","/players/w/wrighan01.html",210,1.7,0.304,0.5,0.463,0.412,2.1,5,0.674,0.8,1.1,297,5.4,5.5,0.376,2.1,NA,13,0.412,5.4,0.648,4,2.6,87,15.4,79
2006,2007,"July 1, 1984","Indiana University","6-3","Bracey Wright","G","/players/w/wrighbr02.html",210,1.4,0.324,0.5,0.459,0.405,1.7,4.3,0.794,1,1.3,26,5,6.3,0.35,2.2,NA,13.6,0.405,5.5,0.776,5.7,4.4,85,17.6,75
2008,2011,"May 20, 1987","University of Kansas","6-8","Julian Wright","F","/players/w/wrighju01.html",225,0.3,0.262,0.1,0.509,0.499,1.7,3.4,0.584,0.4,0.7,231,3.9,0.2,0.188,0,NA,8,0.555,4.4,0.591,2.5,1.5,71,10.4,80
2008,2018,"June 1, 1985","University of Southern California","6-7","Nick Young","G-F","/players/y/youngni01.html",210,3.9,0.376,1.4,0.493,0.418,4,9.7,0.835,1.9,2.3,715,11.4,2.7,0.368,1,NA,11.9,0.484,5.8,0.764,3.9,3,96,15.5,79
2010,2013,"June 1, 1985","University of Pittsburgh","6-6","Sam Young","F","/players/y/youngsa01.html",220,0.7,0.28,0.2,0.462,0.442,2.2,5.1,0.742,1.1,1.4,249,5.8,2.3,0.356,0.8,NA,10.1,0.498,5,0.692,3.4,2.4,143,13.2,78
2008,2018,"June 21, 1988","Georgia Institute of Technology","6-8","Thaddeus Young","F","/players/y/youngth01.html",221,1.3,0.326,0.4,0.517,0.499,5.8,11.6,0.675,1.4,2.1,820,13.4,3,0.419,1.3,NA,11.9,0.478,5.7,0.743,2.3,1.7,31,14.4,80
2006,2006,"December 2, 1981","Mississippi State University","6-3","Derrick Zimmerman","G","/players/z/zimmede01.html",195,0,NA,0,0.667,0.667,1,1.5,NA,0,0,2,2,1.1,0.268,0.3,NA,5.2,0.477,2.5,0.6,2.6,1.6,127,6.9,75
